KldbCode,code,Classification 2 PrefLabel
B 94593-102,2654.1.7,Technischer Leiter/Technische Leiterin - Bühne/Film/Fernsehen
B 94593-116,2654.1.7,Technischer Direktor/Technische Direktorin
B 51233-100,3155.1,Flugsicherungstechniker/Flugsicherungstechnikerin
B 81212-146,3212.2,Medizinischer Technologe/Medizinische Technologin für Laboratoriumsanalytik
B 81212-103,3212.2,Medizinisch-technischer Laboratoriumsassistent/Medizinisch-technische Laboratoriumsassistentin
B 81212-100,3212.2,Staatlich geprüfter Medizin Laborant/Staatlich geprüfte Medizin Laborantin
B 41432-111,3116.1.1,Baustoffprüfer/Baustoffprüferin Schwerpunkt Asphalttechnik
B 81713-104,2264.2,Physiotherapeut/Physiotherapeutin
B 31214-110,2165.4.2,Ingenieur/Ingenieurin für Markscheidewesen
B 52132-105,8331.1,Busfahrer/Busfahrerin
B 29393-118,3434.1.1,Küchenchef/Küchenchefin
B 72133-112,3315.3,Versicherungsprüfer/Versicherungsprüferin
B 28213-107,1223.2.1.1,Staatlich geprüfter Produktentwickler/Staatlich geprüfte Produktentwicklerin (Mode)
B 28122-238,7318.6,Textilgestalter/Textilgestalterin im Handwerk Fachrichtung Weben
B 28122-106,7318.6,Weber/Weberin
B 33112-101,7122.4,"Ausbaufacharbeiter/Ausbaufacharbeiterin Schwerpunkt Fliesen-, Platten- und Mosaikarbeiten"
B 33112-100,7122.4,"Fliesen-, Platten- und Mosaikleger/Fliesen-, Platten- und Mosaiklegerin"
B 11232-100,6123.1,Tierwirt/Tierwirtin Fachrichtung Imkerei
B 11232-101,6123.1,Imker/Imkerin
B 63294-108,1411.3,Rooms-Division-Manager/Rooms-Division-Managerin
B 93422-107,7316.1.1,Kerammaler/Kerammalerin
B 93422-101,7316.1.1,Keramiker/Keramikerin Fachrichtung Dekoration
B 93422-102,7316.1.1,Glas- und Kerammaler/Glas- und Kerammalerin Fachrichtung Kerammalerei
B 93422-125,7316.1.1,Industriekeramiker/Industriekeramikerin Dekorationstechnik
B 84114-104,2341.1,Lehrer/Lehrerin an Grundschulen
B 73222-102,3344.1,Arztsekretär/Arztsekretärin
B 73222-105,3344.1,Sekretär/Sekretärin im Gesundheitswesen
B 25243-100,3115.1.7,Staatlich geprüfter Techniker/Staatlich geprüfte Technikerin Fachrichtung Schiffbautechnik
B 26312-206,7422.7,Fernmeldeelektroniker/Fernmeldeelektronikerin
B 26312-112,7422.7,Fernmeldeanlagenelektroniker/Fernmeldeanlagenelektronikerin
B 26312-104,7422.7,Kommunikationselektroniker/Kommunikationselektronikerin Fachrichtung Telekommunikationstechnik
B 62182-102,5242.1,Promoter/Promoterin
B 84214-112,2320.1.17,Lehrer/Lehrerin an Fachschulen für die Seefahrt
B 32122-113,7112.1,Hochbaufacharbeiter/Hochbaufacharbeiterin Schwerpunkt Maurerarbeiten
B 32122-100,7112.1,Maurer/Maurerin
B 29232-111,7511.4,Fleischzerleger/Fleischzerlegerin
B 91384-103,2632.4,Kriminologe/Kriminologin
B 24113-105,3117.3,Staatlich geprüfter Techniker/Staatlich geprüfte Technikerin Fachrichtung Hüttentechnik
B 28133-100,8151.3,Staatlich geprüfter Techniker/Staatlich geprüfte Technikerin Fachrichtung Textiltechnik Schwerpunkt Spinnereitechnik
B 71523-100,2423.6,Recruiter
B 41184-104,2120.1,Aktuar/Aktuarin
B 94184-100,2653.1.2,Ballettrepetitor/Ballettrepititorin
B 28333-100,2163.1.3.2,Schuhmodelleur/Schuhmodelleurin
B 73294-104,1112.6,Dienststellenleiter/Dienststellenleiterin
B 72144-101,2413.1.4,Wertpapieranalyst/Wertpapieranalystin
B 94224-103,2653.2,Bühnentänzer/Bühnentänzerin
B 28332-177,7536.2.1,Maßschuhmacher/Maßschuhmacherin Fachrichtung Maßschuhe
B 73154-100,2612.1,Richter/Richterin
B 23412-108,7322.2,Flexodrucker/Flexodruckerin
B 82223-102,1431.2.5,Wellnessmanager/Wellnessmanagerin
B 94243-101,3421.1,Berufssportler/Berufssportlerin
B 81504-103,2250.8,Fachtierarzt/Fachtierärztin
B 71394-106,1213.5.1,Niederlassungsleiter/Niederlassungsleiterin
B 92113-185,2513.2,SEO-Manager/SEO-Managerin
B 34312-109,7126.14,Fachkraft für Wasserversorgungstechnik
B 34312-100,7126.14,Ver- und Entsorger/Ver- und Entsorgerin Fachrichtung Wasserversorgung
B 62272-102,5223.2,"Fachverkäufer/Fachverkäuferin für Kfz-Zubehör, Reifen"
B 82312-102,5141.1,Friseur/Friseurin
B 93304-119,2651.2,Restaurator/Restauratorin (Hochschule)
B 94334-122,2656.3,"Moderator/Moderatorin (Funk, Fernsehen)"
B 94334-100,2656.3,Hörfunk- und Fernsehsprecher/Hörfunk- und Fernsehsprecherin
B 84583-125,3422.4.2,Golflehrer/Golflehrerin
B 28332-105,7536.2.6,Schäftemacher (Schuhmacher)/Schäftemacherin (Schuhmacherin)
B 28332-178,7536.2.6,Maßschuhmacher/Maßschuhmacherin Fachrichtung Schaftbau
B 24422-134,7214.3.1,Nieter/Nieterin
B 28112-113,8159.8,Produktgestalter/Produktgestalterin - Textil
B 25232-110,7232.2,Flugtriebwerkmechaniker/Flugtriebwerkmechanikerin
B 25232-103,7232.2,Fluggerätmechaniker/Fluggerätmechanikerin Fachrichtung Triebwerkstechnik
B 84583-122,3422.4.1,Boxlehrer/Boxlehrerin
B 62101-101,5223.6,Helfer/Helferin im Verkauf
B 81342-103,3258.2,Rettungsassistent/Rettungsassistentin
B 81342-113,3258.2,Notfallsanitäter/Notfallsanitäterin
B 25183-104,7233.4,Hydraulik-Fachkraft
B 71401-102,4223.1,Telefonist/Telefonistin
B 81102-106,3256.1,Medizinischer Fachangestellter/Medizinische Fachangestellte
B 81182-110,3256.1,Coronatester/Coronatesterin
B 81102-102,3256.1,Arzthelfer/Arzthelferin
B 84583-116,3423.3,Reitlehrer/Reitlehrerin
B 52182-101,8322.2,Auslieferungsfahrer/Auslieferungsfahrerin (nicht Verkaufsfahrer/Verkaufsfahrerin)
B 52182-102,8322.2,Botenfahrer/Botenfahrerin
B 52182-104,8322.2,Servicefahrer/Servicefahrerin
B 43384-113,2529.2,IT-Forensiker/IT-Forensikerin
B 82504-107,2152.1.5,Ingenieur/Ingenieurin für Medizintechnik
B 31173-100,2149.14,Baukalkulator/Baukalkulatorin
B 91224-111,2633.1,Historiker/Historikerin
B 43384-114,2529.7,Cyber-Security-Consultant
B 51614-107,1324.2,Luftverkehrsmanager/Luftverkehrsmanagerin
B 41304-105,2113.1,Chemiker/Chemikerin
B 94533-100,3521.1.10,Tontechniker/Tontechnikerin
B 54132-107,8157.1,Textilreiniger/Textilreinigerin
B 41213-100,3141.1,Staatlich geprüfter Techniker/Staatlich geprüfte Technikerin Fachrichtung Biotechnik
B 92194-102,1221.3,Leiter/Leiterin - Marketing
B 94134-105,2652.3.1,Dirigent/Dirigentin
B 26244-104,2149.9.7,Ingenieur/Ingenieurin für Erneuerbare Energien
B 92122-104,5244.1,Servicefachkraft für Dialogmarketing
B 92122-101,5244.1,Callcenteragent/Callcenteragentin
B 11282-101,6129.1,Tierwirt/Tierwirtin Schwerpunkt Pelztierhaltung
B 11282-102,6129.1,Pelztierzüchter/Pelztierzüchterin
B 83384-100,2636.3,Missionar/Missionarin
B 61313-103,3334.5,Objektverwalter/Objektverwalterin (Immobilien)
B 61313-101,3334.5,Geprüfter Fachkaufmann/Geprüfte Fachkauffrau für die Verwaltung von Wohnungseigentum
B 31103-103,3112.1,Staatlich geprüfter Techniker/Staatlich geprüfte Technikerin Fachrichtung Bautechnik (ohne Schwerpunkt)
B 73252-101,3411.5,Justizfachangestellter/Justizfachangestellte
B 28114-102,2163.1.8,Textildesigner/Textildesignerin
B 29262-150,8160.11,Süßwarentechnologe/Süßwarentechnologin
B 29393-118,3434.1,Küchenchef/Küchenchefin
B 84134-106,2352.2,Lehrer/Lehrerin für Begabtenförderung
B 27313-103,1219.7,Fachkraft - Qualitätssicherung/Qualitätsmanagement
B 27394-110,1219.7,Qualitätsmanager/Qualitätsmanagerin
B 62212-105,5223.7.33,Fachverkäufer/Fachverkäuferin für Sportartikel
B 84134-108,2352.1.3,Lehrer/Lehrerin für Stützunterricht
B 71383-150,2433.3,Berater/Beraterin für erneuerbare Energien
B 84503-101,3422.4,Berufstrainer/Berufstrainerin im Sport
B 27303-103,3115.1.16,Staatlich geprüfter Techniker/Staatlich geprüfte Technikerin Fachrichtung Maschinentechnik Schwerpunkt Produktionsorganisation
B 27302-105,3115.1.16,Produktionstechnologe/Produktionstechnologin
B 42314-114,2133.7,Umweltwissenschaftler/Umweltwissenschaftlerin
B 91324-114,2632.6,Sozialwissenschaftler/Sozialwissenschaftlerin
B 91324-115,2632.6,Soziologe/Soziologin
B 24532-100,7311.1,Uhrmacher/Uhrmacherin
B 28333-103,3119.6,Staatlich geprüfter Techniker/Staatlich geprüfte Technikerin Fachrichtung Schuhtechnik Schwerpunkt Modellgestaltung
B 22112-106,8141.1.8,Mechaniker/Mechanikerin für Reifen- und Vulkanisationstechnik Fachrichtung Vulkanisationstechnik
B 22112-102,8141.1.8,Vulkaniseur und Reifenmechaniker/Vulkaniseurin und Reifenmechanikerin
B 22112-110,8141.1.8,Vulkaniseur/Vulkaniseurin
B 24132-170,7211.1.1,Gießereimechaniker/Gießereimechanikerin Schwerpunkt Druck- und Kokillenguss
B 24132-100,7211.1.1,Gießereimechaniker/Gießereimechanikerin Fachrichtung Druck- und Kokillenguss
B 62512-103,5223.7.6,Buchhändler/Buchhändlerin
B 24522-145,7222.2,Systemmacher/Systemmacherin - Gewehr
B 24522-105,7222.2,Büchsenmacher/Büchsenmacherin
B 71384-109,1219.2,Corporate-Responsibility-Manager/Corporate-Responsibility-Managerin
B 92413-108,2432.5,Community-Manager/Community-Managerin
B 83143-105,5322.1,Staatlich anerkannter Haus- und Familienpfleger/Staatlich anerkannte Haus- und Familienpflegerin
B 83142-106,5322.1,Fachkraft für Pflegeassistenz
B 62183-102,4225.1,Kundendienstberater/Kundendienstberaterin
B 94134-116,2652.2,Chefdirigent/Chefdirigentin
B 94134-110,2652.2,Musikdirektor/Musikdirektorin
B 94134-106,2652.2,Musikalischer Oberleiter/Musikalische Oberleiterin
B 61123-106,3322.1,Handelsvertreter/Handelsvertreterin
B 61123-110,3322.1,Fachberater/Fachberaterin für Vertrieb
B 26322-102,8212.3.6,Mikrotechnologe/Mikrotechnologin Schwerpunkt Halbleitertechnik
B 27104-159,1223.2.1,Produktentwickler/Produktentwicklerin
B 73342-101,3252.1,Medizinischer Dokumentationsassistent/Medizinische Dokumentationsassistentin
B 73342-102,3252.1,Fachangestellter/Fachangestellte für Medien- und Informationsdienste Fachrichtung Medizinische Dokumentation
B 11312-104,6121.3,Pferdewirt/Pferdewirtin Fachrichtung Pferdezucht
B 28332-104,7536.2.7,Orthopädieschuhmacher/Orthopädieschuhmacherin
B 33212-153,7131.1,Maler und Lackierer/Malerin und Lackiererin Fachrichtung Ausbautechnik und Oberflächengestaltung
B 33212-152,7131.1,Maler und Lackierer/Malerin und Lackiererin Fachrichtung Energieeffizienz- und Gestaltungstechnik
B 33212-113,7131.1,Maler und Lackierer/Malerin und Lackiererin Fachrichtung Bauten- und Korrosionsschutz
B 33212-112,7131.1,Maler und Lackierer/Malerin und Lackiererin Fachrichtung Gestaltung und Instandhaltung
B 33212-111,7131.1,Bauten- und Objektbeschichter/Bauten- und Objektbeschichterin
B 33212-109,7131.1,Maler und Lackierer/Malerin und Lackiererin - Schwerpunkt Maler/Malerin
B 81143-101,3240.2.1,Fachagrarwirt/Fachagrarwirtin - Besamungswesen
B 21362-100,7311.2,Feinoptiker/Feinoptikerin
B 41322-151,3119.16.5,Textillaborant/Textillaborantin Schwerpunkt Textilchemie
B 41322-118,3119.16.5,Textillaborant/Textillaborantin
B 24424-100,2144.1.23,Schweißfachingenieur/Schweißfachingenieurin
B 81332-104,3259.1,Anästhesietechnischer Assistent/Anästhesietechnische Assistentin
B 41484-116,2131.4.4,Biophysiker/Biophysikerin
B 24422-128,7212.2,Löter/Löterin
B 34102-101,5153.1,Hausmeister/Hausmeisterin
B 34102-105,5153.1,Hauswart/Haustechniker/Hauswartin/Haustechnikerin
B 28213-103,7532.7,"Schnitt-, Entwurfs- und Fertigungsmodelleur/Schnitt-, Entwurfs- und Fertigungsdirektrice"
B 42333-102,3111.12,Strahlenschutzfachkraft
B 94224-111,2653.1,Choreograf/Choreografin
B 24232-143,7223.20,Erodierer/Erodiererin
B 28123-104,8152.1.2,Staatlich geprüfter Techniker/Staatlich geprüfte Technikerin Fachrichtung Textiltechnik Schwerpunkt Maschentechnik
B 71324-101,2413.1.3,Mergers-and-Acquisitions-Specialist
B 32162-100,7119.1,Gerüstbauer/Gerüstbauerin
B 93642-101,7312.3.1,Klavier- und Cembalobauer/Klavier- und Cembalobauerin Fachrichtung Cembalobau
B 91244-112,2632.1.2,Medienwissenschaftler/Medienwissenschaftlerin
B 12101-105,9214.2,Helfer/Helferin im Gartenbau
B 94413-101,3435.22,Inspizient/Inspizientin
B 29222-101,7512.1,Bäcker/Bäckerin
B 63222-109,4229.2,"Portier (Gaststätte, Hotel)"
B 63403-107,3332.2,Event-Manager/Event-Managerin
B 28143-100,8154.1,Staatlich geprüfter Techniker/Staatlich geprüfte Technikerin Fachrichtung Textiltechnik Schwerpunkt Textilveredelung
B 11102-107,8341.2,Fachkraft Agrarservice
B 52512-103,8341.2,Landmaschinenführer/Landmaschinenführerin
B 42114-105,2142.1.4,Ingenieur/Ingenieurin für Geotechnik
B 11102-100,6130.2,Landwirt/Landwirtin
B 26382-143,7543.7.3,Elektroprüfer/Elektroprüferin
B 42144-102,2112.1,Meteorologe/Meteorologin
B 53132-105,5411.1.1,Werkfeuerwehrmann/Werkfeuerwehrfrau
B 28312-101,7535.2,Gerber/Gerberin
B 28312-178,7535.2,Fachkraft für Lederherstellung und Gerbereitechnik
B 51133-102,7421.4,Schiffselektrotechniker/Schiffselektrotechnikerin
B 94383-100,2659.2.2,Diskjockey
B 24222-100,7223.4.2,CNC-Schleifer/CNC-Schleiferin
B 24222-103,7223.4.2,Metallschleifer/Metallschleiferin
B 24222-107,7223.4.2,Schleifer/Schleiferin
B 24222-106,7223.4.2,Zerspanungsmechaniker/Zerspanungsmechanikerin Fachrichtung Schleiftechnik
B 61124-149,1221.3.2.1.4,Digital-Sales-Manager/Digital-Sales-Managerin
B 29112-100,8160.7,Brauer und Mälzer/Brauerin und Mälzerin
B 52532-114,8343.3,Mobil- und Autokranführer/Mobil- und Autokranführerin
B 72243-101,4312.1,Assistent für Wirtschaftsprüfung/Assistentin für Wirtschaftsprüfung
B 51543-101,3152.3,Lotse/Lotsin
B 91234-105,2632.2,Archäologe/Archäologin
B 71524-108,3339.6,Relocation-Specialist/Relocation-Manager / Relocation-Specialist/Relocation-Managerin
B 33342-109,7125.2,Fahrzeugglaser/Fahrzeugglaserin
B 63293-103,5152.1,Pensionsleiter/Pensionsleiterin
B 53342-102,7544.1,Schädlingsbekämpfer/Schädlingsbekämpferin
B 32262-106,9312.1.6,Wasserbauer/Wasserbauerin
B 26252-119,7543.7.4,Elektroniker/Elektronikerin - Prüffeld
B 24132-102,7223.13,Gießereimechaniker/Gießereimechanikerin Fachrichtung Maschinenformguss
B 24132-173,7223.13,Gießereimechaniker/Gießereimechanikerin Schwerpunkt Maschinenformguss
B 63132-104,3423.1,Animateur/Animateurin - Freizeit
B 23212-141,7321.1.1,DTP-Fachkraft
B 33322-107,7115.5,Treppenbauzimmerer/Treppenbauzimmerin
B 73394-105,1349.16,Bibliotheksleiter/Bibliotheksleiterin
B 27212-102,3118.3.6,Technischer Zeichner/Technische Zeichnerin Fachrichtung Elektrotechnik
B 27212-136,3118.3.6,Technischer Systemplaner/Technische Systemplanerin Fachrichtung Elektrotechnische Systeme
B 31213-104,2165.1,Katastertechniker/Katastertechnikerin
B 43104-132,2511.4,Data Scientist
B 94214-100,2655.1,Schauspieler/Schauspielerin
B 25102-116,7233.7,Industriemechaniker/Industriemechanikerin
B 25102-111,7233.7,Betriebsschlosser/Betriebsschlosserin
B 26323-100,3114.1.8,Staatlich geprüfter Techniker/Staatlich geprüfte Technikerin Fachrichtung Mikrosystemtechnik
B 43394-112,2529.1,Leiter/Leiterin - Informations-/Cybersicherheit
B 51332-100,3359.5.1,Seegüterkontrolleur/Seegüterkontrolleurin
B 94283-134,2659.2.3,Puppenspieler (Hochschule)/Puppenspielerin (Hochschule)
B 81532-100,3240.1,Tierheilpraktiker/Tierheilpraktikerin
B 27312-132,7543.2,Testfahrer/Testfahrerin
B 84583-123,3422.4.3,Eislauflehrer/Eislauflehrerin
B 61113-101,3323.2,Einkäufer/Einkäuferin
B 33322-103,7115.1,Zimmerer/Zimmerin
B 33322-114,7115.1,Ausbaufacharbeiter/Ausbaufacharbeiterin Schwerpunkt Zimmerarbeiten
B 29282-105,8160.15,Tiefkühlkosthersteller/Tiefkühlkostherstellerin
B 94622-100,3435.7,Ankleider/Garderobier / Ankleiderin/Garderobiere
B 27232-122,7222.1,Technischer Modellbauer/Technische Modellbauerin Fachrichtung Gießerei
B 27232-101,7222.1,Modellbaumechaniker/Modellbaumechanikerin Fachrichtung Gießereimodellbau
B 28102-106,7233.15,Produktionsmechaniker/Produktionsmechanikerin - Textil
B 21123-102,7542.1,Sprengberechtigter/Sprengberechtigte
B 28102-107,8152.2,Maschinen- und Anlagenführer/Maschinen- und Anlagenführerin Schwerpunkt Textiltechnik
B 11282-105,5164.6,Hundezüchter/Hundezüchterin
B 62112-101,5230.1,"Kassierer/Kassiererin (Eintrittsgelder, Beiträge, Fahrkarten)"
B 62112-104,5230.1,Kassierer/Kassiererin (Handel)
B 25131-100,9623.1,Zählerableser/Zählerableserin
B 28224-101,2141.1,Ingenieur/Ingenieurin für Bekleidungstechnik
B 84494-114,1345.1.4,Schulleiter in der Erwachsenenbildung/Schulleiterin in der Erwachsenenbildung
B 11342-100,9332.1,Kutscher/Kutscherin
B 94533-100,3435.3,Tontechniker/Tontechnikerin
B 71104-126,1221.4,Kaufmännischer Geschäftsführer/Kaufmännische Geschäftsführerin
B 63383-100,5131.2.2.3,Sommelier/Sommelière
B 22342-120,7115.7,Geprüfter Bildeinrahmer/Geprüfte Bildeinrahmerin
B 41254-126,5419.9,Tierschutzbeauftragter/Tierschutzbeauftragte
B 62312-100,5223.7.4,Fachverkäufer/Fachverkäuferin im Nahrungsmittelhandwerk Schwerpunkt Bäckerei/Konditorei
B 32193-110,3123.1.6,Gerüstbau-Kolonnenführer/Gerüstbau-Kolonnenführerin
B 54132-103,9121.2,Bügler/Büglerin
B 23423-101,7323.3,Buchbinder/Buchbinderin für Restaurierungsarbeiten
B 23423-102,7323.3,Geprüfter Restaurator im Buchbinderhandwerk/Geprüfte Restauratorin im Buchbinderhandwerk - Master Professional für Restaurierung im Handwerk
B 94593-118,2654.1.4,Leiter/Leiterin der Beleuchtung
B 51394-100,1324.3.4,Leiter/Leiterin - Lagerwirtschaft
B 63322-102,5132.1,"Barmixer, Barkeeper/Barmixerin, Barkeeperin"
B 21222-126,8114.1,Verfahrensmechaniker/Verfahrensmechanikerin in der Steine- und Erdenindustrie Fachrichtung Asphalttechnik
B 24422-127,7212.3.3,Rohrschweißer/Rohrschweißerin
B 53142-102,5419.7,Rettungsschwimmer/Rettungsschwimmerin
B 54112-101,9112.2,Gebäudereiniger/Gebäudereinigerin
B 25183-105,3115.1.15,Pneumatik-Fachkraft
B 82503-102,3114.1.5,Staatlich geprüfter Techniker/Staatlich geprüfte Technikerin Fachrichtung Medizintechnik
B 94622-100,3435.7.1,Ankleider/Garderobier / Ankleiderin/Garderobiere
B 27212-118,3118.3.4,Bauzeichner/Bauzeichnerin
B 27314-100,2149.2.7,Qualitätsingenieur/Qualitätsingenieurin
B 72294-101,1211.1,Leiter/Leiterin - Finanz- und Rechnungswesen
B 53112-124,5414.1,Fachkraft für Schutz und Sicherheit
B 53112-127,5414.1,Servicekraft - Schutz und Sicherheit
B 53112-220,5414.1,Geprüfte Schutz- und Sicherheitskraft (IHK)
B 41212-103,3141.2.3,Biologielaborant/Biologielaborantin
B 41212-101,3141.2.3,Staatlich geprüfter Biologisch-technischer Assistent/Staatlich geprüfte Biologisch-technische Assistentin
B 72113-104,3312.3,Kreditmanager/Kreditmanagerin
B 25252-119,7234.1,Zweiradmechatroniker/Zweiradmechatronikerin Fachrichtung Fahrradtechnik
B 25252-103,7234.1,Zweiradmechaniker/Zweiradmechanikerin Fachrichtung Fahrradtechnik
B 26212-102,7411.1.1,Bauelektriker/Bauelektrikerin
B 81723-101,2269.4,Ergotherapeut/Ergotherapeutin
B 83111-103,5311.1,Kinderbetreuer/Kinderbetreuerin
B 28122-233,8152.3.1,Maschinen- und Anlagenführer/Maschinen- und Anlagenführerin - Textiltechnik (Tufting)
B 28122-137,8152.3.1,Textilmechaniker/Textilmechanikerin - Tufting
B 28122-130,8152.3.1,Textilmaschinenführer/Textilmaschinenführerin - Tufting
B 93524-102,2163.1.5,Schmuckdesigner/Schmuckdesignerin
B 94612-104,3432.4,Bühnenmaler und Bühnenplastiker/Bühnenmalerin und Bühnenplastikerin Fachrichtung Plastik
B 29232-102,7511.6,Fleischer/Fleischerin Fachrichtung Schlachten
B 92113-125,2431.10.4,Onlinemarketing-Manager/Onlinemarketing-Managerin
B 28122-140,7318.4,Stricker/Strickerin
B 28122-237,7318.4,Textilgestalter/Textilgestalterin im Handwerk Fachrichtung Stricken
B 41313-102,3116.1,Staatlich geprüfter Techniker/Staatlich geprüfte Technikerin Fachrichtung Chemietechnik (ohne Schwerpunkt)
B 22304-104,2149.11.2,Ingenieur/Ingenieurin für Holztechnik
B 26384-108,2152.1.11,Ingenieur/Ingenieurin für Optoelektronik
B 26312-177,0310.4,Beamter/Beamtin für den mittleren technischen Dienst der Fernmelde- und Elektronischen Aufklärung des Bundes
B 93222-100,3432.6,Schauwerbegestalter/Schauwerbegestalterin
B 93222-101,3432.6,Gestalter/Gestalterin für visuelles Marketing
B 29262-103,7512.2,Fachkraft für Süßwarentechnik Fachrichtung Schokolade
B 27212-119,3118.3.2,Bauzeichner/Bauzeichnerin Schwerpunkt Architektur
B 93323-100,2651.1,Kunstmaler/Kunstmalerin
B 93522-108,7313.1.3,Edelsteingraveur/Edelsteingraveurin
B 93522-203,7313.1.3,Edelsteinschleifer/Edelsteinschleiferin Fachrichtung Edelsteingravieren
B 73334-107,2622.1,Informationswissenschaftler/Informationswissenschaftlerin
B 61194-128,1324.8.2,Leiter/Leiterin des Einkaufs
B 73322-101,4411.1,Fachangestellter/Fachangestellte für Medien- und Informationsdienste Fachrichtung Bibliothek
B 73322-104,4411.1,Assistent/Assistentin an Bibliotheken
B 29232-100,7511.1,Fleischer/Fleischerin
B 27212-101,3118.3.11,Technischer Zeichner/Technische Zeichnerin Fachrichtung Maschinen- und Anlagentechnik
B 51134-104,3115.1.9,Schiffsinspektor/Schiffsinspektorin (Nautik/Technik)
B 26313-197,3114.1.2,Komponentenentwickler/Komponentenentwicklerin
B 72124-108,2412.6,Vermögensberater/Vermögensberaterin
B 72124-102,2412.6,Anlageberater/Anlageberaterin
B 81783-106,3423.2.4,Sporttherapeut/Sporttherapeutin
B 62262-107,5223.7.28,Fachverkäufer/Fachverkäuferin für Zoobedarf und Heimtierverkauf
B 82532-103,5223.7.3,Hörakustiker/Hörakustikerin
B 61194-147,1420.6,Bezirksleiter/Bezirksleiterin
B 21342-119,7316.2,Glasveredler/Glasveredlerin Fachrichtung Schliff und Gravur
B 21342-108,7316.2,Glasveredler/Glasveredlerin Fachrichtung Gravur
B 21342-122,7316.2,Glasgraveur/Glasgraveurin
B 24232-142,7223.4.5,Metallsäger/Metallsägerin
B 52182-115,9331.1,Fahrradkurier/Fahrradkurierin
B 61212-135,3324.4,Kaufmann/Kauffrau für Groß- und Außenhandelsmanagement Fachrichtung Großhandel
B 61212-102,3324.4,Kaufmann/Kauffrau im Groß- und Außenhandel Fachrichtung Großhandel
B 84543-109,3422.3.1,Fußballtrainer/Fußballtrainerin (staatlich geprüft)
B 25201-103,7231.8,Helfer/Helferin für Fahrzeugbau und -instandhaltung
B 72123-111,3311.3.5,Börsenhändler/Börsenhändlerin
B 84124-119,2341.1.1,Lehrer/Lehrerin an Waldorfschulen
B 93602-100,7312.5,Musikinstrumentenbauer/Musikinstrumentenbauerin
B 51533-100,3154.1,Fluglotse/Fluglotsin
B 61162-100,5249.3,Vermietassistent/Vermietassistentin (Kfz)
B 34213-101,3115.1.5,"Staatlich geprüfter Techniker/Staatlich geprüfte Technikerin Fachrichtung Heizungs-, Lüftungs-, Klimatechnik"
B 84183-101,2359.11,Lernbetreuer/Lernbetreuerin
B 81743-101,2269.9.4,Musiktherapeut/Musiktherapeutin
B 28312-178,8155.1,Fachkraft für Lederherstellung und Gerbereitechnik
B 28312-101,8155.1,Gerber/Gerberin
B 27104-113,2149.2.8,Forschungs- und Entwicklungsingenieur/Forschungs- und Entwicklungsingenieurin
B 72294-122,1211.1.4,Leiter/Leiterin - Treasury
B 26312-140,3512.4,Informations- und Telekommunikationssystem-Elektroniker/Informations- und Telekommunikationssystem-Elektronikerin
B 84503-100,3422.3,Staatlich geprüfter Sportlehrer/Staatlich geprüfte Sportlehrerin
B 84504-106,3422.3,Sportpädagoge/Sportpädagogin
B 21212-116,8112.4,Naturwerksteinmechaniker/Naturwerksteinmechanikerin Fachrichtung Maschinenbearbeitungstechnik
B 41254-100,2131.4.13,Toxikologe/Toxikologin
B 81634-100,2619.9,Mediator/Mediatorin
B 93422-104,7316.1,Glas- und Porzellanmaler/Glas- und Porzellanmalerin
B 21112-101,8111.4,Bergmechaniker/Bergmechanikerin
B 71524-114,3333.1,Arbeitsvermittler/Arbeitsvermittlerin
B 51113-101,3115.1.21,Wagenmeister/Wagenmeisterin (Schienenverkehr)
B 42293-101,7133.4,Schornsteinfegermeister/Schornsteinfegermeisterin
B 22322-102,8172.5.2,Holzbearbeitungsmechaniker/Holzbearbeitungsmechanikerin Fachrichtung Hobelindustrie
B 41254-101,2632.3,Verhaltensforscher/Verhaltensforscherin
B 25213-102,3115.1.4,Staatlich geprüfter Techniker/Staatlich geprüfte Technikerin Fachrichtung Kraftfahrzeugtechnik
B 52122-150,8332.2,Tankwagenfahrer/Tankwagenfahrerin
B 94144-102,2652.1.1,Arrangeur/Arrangeurin
B 11194-104,6130.1,Betriebsleiter/Betriebsleiterin - landwirtschaftlich
B 43323-103,2514.1,IT-Konfigurationskoordinator/IT-Konfigurationskoordinatorin
B 32242-102,8113.9,Brunnenbauer/Brunnenbauerin
B 32201-117,9312.1,Helfer/Helferin im Tiefbau
B 52383-103,3153.2.4,Berufshubschrauberführer/Berufshubschrauberführerin (CPL (H))
B 53142-100,9129.3,Badewärter/Badewärterin (Schwimmbad)
B 92113-134,2431.10,Betriebswirt/Betriebswirtin (Fachschule) für Absatz/Marketing
B 92114-107,2431.10,Betriebswirt/Betriebswirtin (Hochschule) für Marketing
B 92113-183,2431.10,Geprüfter Fachwirt/Geprüfte Fachwirtin für Marketing
B 92112-102,2431.10.3,Marketingfachkraft / Marketingassistent/Marketingassistentin
B 23323-100,3431.2,Pressefotograf/Pressefotografin
B 23323-105,3431.2,Bildjournalist/Bildjournalistin
B 91184-110,2152.1.4,Computerlinguist/Computerlinguistin
B 82322-125,5142.8,Fußpfleger/Fußpflegerin (kosmetisch)
B 23224-104,2166.3,Computer-Animator/Computer-Animatorin
B 26212-103,7411.1,Elektroinstallateur/Elektroinstallateurin
B 82322-102,5142.5,Visagist/Visagistin
B 11604-103,2145.1.7,Önologe/Önologin
B 51632-107,4323.6,Disponent/Disponentin - Güterverkehr
B 81713-126,2269.1,Chiropraktiker/Chiropraktikerin
B 24222-108,8122.11,Flächenschleifer/Flächenschleiferin
B 41424-117,2149.11,Ingenieur/Ingenieurin für Werkstofftechnik
B 41424-119,2149.11,Ingenieur/Ingenieurin für Materialwissenschaften
B 25212-106,7231.10,Kraftfahrzeugmechaniker/Kraftfahrzeugmechanikerin
B 61282-113,5223.7.30,Gebrauchtwarenhändler/Gebrauchtwarenhändlerin
B 62252-101,5223.7.20,Staatlich geprüfter Einrichtungsfachberater/Staatlich geprüfte Einrichtungsfachberaterin
B 24222-110,8122.4,Rundschleifer/Rundschleiferin
B 29204-103,2145.1.4,Ingenieur/Ingenieurin für Lebensmitteltechnologie
B 42124-123,2114.1.8,Ozeanograf/Ozeanografin
B 92424-100,2641.1,Lektor/Lektorin in Verlagen
B 92203-100,2412.6.4,Investor-Relations-Manager/Investor-Relations-Managerin
B 28132-110,8151.4,Spuler - Textiltechnik/Spulerin - Textiltechnik
B 92414-103,2642.1.11,Auslandskorrespondent/Auslandskorrespondentin
B 27103-133,3118.1,3-D-Druck-Spezialist/3-D-Druck-Spezialistin
B 94532-101,3521.1.1,Tonassistent/Tonassistentin (Tontechnik)
B 94612-109,2654.1.5,Set-Decorator
B 25224-102,2144.1.2,Ingenieur/Ingenieurin für Agrartechnik
B 82312-105,5141.1.1,Herrenfriseur/Herrenfriseurin
B 94612-101,3432.4.1,Bühnenmaler und Bühnenplastiker/Bühnenmalerin und Bühnenplastikerin Fachrichtung Malerei
B 34332-109,9612.1,Recycling-Fachkraft
B 33132-100,7122.2,Parkettleger/Parkettlegerin
B 94483-102,2654.1.2,Casting-Direktor/Casting-Direktorin
B 71394-144,1213.2.2,Leiter/Leiterin - Unternehmensentwicklung
B 26324-116,2152.1.15,Ingenieur/Ingenieurin für Sensortechnik
B 23412-101,7322.6,Papierpräger/Papierprägerin
B 91314-116,2633.3,Politologe/Politologin
B 83123-106,3412.5,Fachkraft für Sozialarbeit
B 26102-101,3139.2,Roboterprogrammierer/Roboterprogrammiererin
B 82512-111,3214.3.1,Orthopädietechnik-Mechaniker/Orthopädietechnik-Mechanikerin
B 22382-102,7522.3,Böttcher/Böttcherin
B 22102-112,8142.7,Kunststoffspritzer/Kunststoffspritzerin
B 53162-101,4214.1,Inkassobeauftragter/Inkassobeauftragte im Außendienst
B 51322-102,4412.1,Postabfertiger/Postabfertigerin
B 28222-116,7533.5,Modenäher/Modenäherin
B 82532-103,3214.1,Hörakustiker/Hörakustikerin
B 82532-100,3214.1,Hörgeräteakustiker/Hörgeräteakustikerin
B 12144-106,2162.1,Landschaftsarchitekt/Landschaftsarchitektin
B 12144-105,2162.1,Ingenieur/Ingenieurin für Landschaftsarchitektur
B 52314-108,3153.2.2,Verkehrsflugzeugführer/Verkehrsflugzeugführerin (ATPL (A))
B 24112-109,3135.1,Metallschmelzer/Metallschmelzerin
B 94404-104,2654.3,Producer/Producerin
B 81624-110,2634.2,Psychologe/Psychologin
B 24142-196,7211.1.3,Gießereimechaniker/Gießereimechanikerin Schwerpunkt Handformguss
B 24142-105,7211.1.3,Gießereimechaniker/Gießereimechanikerin Fachrichtung Handformguss
B 27303-132,3119.14,Geprüfter Prozessmanager/Geprüfte Prozessmanagerin - Produktionstechnologie
B 25183-105,7233.13,Pneumatik-Fachkraft
B 81804-104,2262.1.2.2,Pharmazeut/Pharmazeutin
B 27304-164,2141.4,Wirtschaftsingenieur/Wirtschaftsingenieurin
B 63302-103,5131.2.1,Oberkellner/Oberkellnerin
B 23212-183,7321.1,Mediengestalter/Mediengestalterin Digital und Print Fachrichtung Gestaltung und Technik
B 23212-134,7321.1,Mediengestalter/Mediengestalterin für Digital- und Printmedien Fachrichtung Medientechnik
B 42124-121,2114.1.5,Hydrologe/Hydrologin
B 26124-113,2149.15,"Ingenieur/Ingenieurin für Robotik, Autonome Systeme"
B 28222-306,7531.2,Maßschneider/Maßschneiderin Schwerpunkt Damen
B 28222-108,7531.2,Damenschneider/Damenschneiderin
B 83113-100,2342.1,Staatlich anerkannter Erzieher/Staatlich anerkannte Erzieherin
B 82311-100,5141.1.2,Helfer/Helferin im Friseurgewerbe
B 51132-105,8350.7,Matrose/Matrosin
B 94404-100,2641.2,Dramaturg/Dramaturgin
B 34202-100,7213.4,Klempner/Klempnerin
B 34202-101,7213.4,Konstruktionsmechaniker/Konstruktionsmechanikerin Fachrichtung Feinblechbautechnik
B 41384-104,2113.1.1,Analytiker/Analytikerin - Chemie
B 25104-142,2144.1,Ingenieur/Ingenieurin für Maschinenbau
B 52122-111,8332.3,Betonmischerfahrer/Betonmischerfahrerin
B 41484-115,2111.1,"Astrophysiker/Astrophysikerin, Astronom/Astronomin"
B 81223-100,3211.1,Staatlich geprüfter Kardiotechniker/Staatlich geprüfte Kardiotechnikerin
B 43123-119,2514.2.1,Embedded-Systems-Entwickler/Embedded-Systems-Entwicklerin
B 83382-100,5153.1.3,Küster/Küsterin
B 34104-114,2149.2.5,Ingenieur/Ingenieurin für Gebäudetechnik/Facility-Management
B 22342-110,7522.1,Kunsttischler/Kunsttischlerin
B 72133-109,1346.4,Generalagent/Generalagentin (Versicherung)
B 28132-106,8151.2,Textilmechaniker/Textilmechanikerin - Spinnerei
B 28132-105,8151.2,Textilmaschinenführer/Textilmaschinenführerin - Spinnerei
B 28132-129,8151.2,Maschinen- und Anlagenführer/Maschinen- und Anlagenführerin - Textiltechnik (Spinnerei)
B 84483-118,2359.14,Nachhilfelehrer/Nachhilfelehrerin
B 72304-100,2411.1.12,Steuerberater/Steuerberaterin
B 94582-100,3435.20,Pyrotechniker/Pyrotechnikerin
B 28333-101,3119.7,Staatlich geprüfter Techniker/Staatlich geprüfte Technikerin Fachrichtung Schuhtechnik Schwerpunkt Betriebstechnik
B 94512-104,3435.25.3,Bühnenarbeiter/Bühnenarbeiterin
B 51522-130,8312.3,Rangierbegleiter/Rangierbegleiterin
B 91334-101,2351.2,Bildungsforscher/Bildungsforscherin
B 24432-101,7541.1,Geprüfter Taucher/Geprüfte Taucherin
B 73134-107,3339.3,Patentanwalt/Patentanwältin
B 92434-104,2641.4.3,Redenschreiber/Redenschreiberin
B 25212-101,7231.2,Karosserie- und Fahrzeugbauer/Karosserie- und Fahrzeugbauerin Fachrichtung Karosseriebau
B 25212-146,7231.2,Karosseriebauer/Karosseriebauerin
B 25212-237,7231.2,Karosserie- und Fahrzeugbaumechaniker/Karosserie- und Fahrzeugbaumechanikerin Fachrichtung Karosserie- und Fahrzeugbautechnik
B 25212-125,7231.2,Karosserie- und Fahrzeugbaumechaniker/Karosserie- und Fahrzeugbaumechanikerin Fachrichtung Karosseriebautechnik
B 71403-114,4120.1,Geprüfter Sekretär/Geprüfte Sekretärin
B 71402-114,4120.1,Sekretär/Sekretärin
B 23412-125,7322.10,Textildrucker/Textildruckerin
B 63142-100,4221.6,Reiseleiter/Reiseleiterin
B 71214-114,1111.5,Abgeordneter/Abgeordnete
B 24233-100,7223.4,CNC-Fachkraft/NC-Anwendungsfachmann / CNC-Fachkraft/NC-Anwendungsfachfrau
B 61122-100,4311.2,Vertriebsassistent/Vertriebsassistentin
B 26302-102,7412.3,Elektromechaniker/Elektromechanikerin
B 71524-115,2423.1,Berufsberater/Berufsberaterin
B 24422-124,7223.15,Brennschneider/Brennschneiderin
B 83154-101,2635.1.2,Suchtberater/Drogenberater / Suchtberaterin/Drogenberaterin
B 29222-105,8160.2,Ofenführer/Ofenführerin (Bäckerei)
B 26212-110,7411.1.1.1,Elektroniker/Elektronikerin Fachrichtung Energie- und Gebäudetechnik
B 26212-185,7411.1.1.1,Elektroniker/Elektronikerin für Gebäude- und Infrastruktursysteme
B 82342-101,5142.4,Maskenbildner/Maskenbildnerin
B 26252-189,7411.1.1.2,Elektroniker/Elektronikerin für Betriebstechnik
B 26252-120,7411.1.1.2,Industrieelektriker/Industrieelektrikerin - Betriebstechnik
B 26252-186,7411.1.1.2,Energieelektroniker/Energieelektronikerin Fachrichtung Betriebstechnik
B 53241-100,3411.4,Justizwachtmeister/Justizwachtmeisterin
B 93332-104,7317.4,Spielzeughersteller/Spielzeugherstellerin
B 72112-102,3312.1,"Kundenberater/Kundenberaterin (Bank, Sparkasse)"
B 81232-101,2269.8.2,Medizinisch-technischer Assistent/Medizinisch-technische Assistentin für Nuklearmedizin
B 81233-100,2269.8.2,Fachassistent/Fachassistentin für Nuklearmedizin
B 33342-104,7125.1,Glaser/Glaserin Fachrichtung Fenster- und Glasfassadenbau
B 33342-103,7125.1,Bauglaser/Bauglaserin
B 81804-100,2262.1.2.1,Krankenhausapotheker/Krankenhausapothekerin
B 71314-104,2421.1,Business-Analyst/Business-Analystin
B 94713-100,3433.1,Staatlich geprüfter Techniker/Staatlich geprüfte Technikerin Fachrichtung Museums- und Ausstellungstechnik
B 73324-107,2622.2,Bibliothekar/Bibliothekarin
B 62112-102,5230.3,Kartenverkäufer/Kartenverkäuferin
B 41284-102,2131.4.8,Genetiker/Genetikerin
B 27304-167,2141.8,Ingenieur/Ingenieurin für Service/Instandhaltung
B 27304-147,2141.8,Betriebsingenieur/Betriebsingenieurin
B 81753-100,2230.2.2,Homöopath/Homöopathin
B 23412-139,7322.1,Drucker/Druckerin Fachrichtung Digitaldruck
B 93522-121,7313.1,Goldschmied/Goldschmiedin Fachrichtung Juwelen
B 61212-100,3331.2.1,Kaufmann/Kauffrau im Groß- und Außenhandel Fachrichtung Außenhandel
B 61212-134,3331.2.1,Kaufmann/Kauffrau für Groß- und Außenhandelsmanagement Fachrichtung Außenhandel
B 27312-125,7543.10,Qualitätskontrolleur/Qualitätskontrolleurin
B 51511-100,4323.17,Funkbediener/Funkbedienerin (Taxibetrieb)
B 73342-110,3252.1.1,Klinische Kodierfachkraft
B 32242-103,8113.2,Bohrgeräteführer/Bohrgeräteführerin
B 31213-101,3112.10,Staatlich geprüfter Techniker/Staatlich geprüfte Technikerin Fachrichtung Vermessungstechnik
B 51242-100,3112.1.1,Brückenwärter/Brückenwärterin
B 84583-186,3422.4.6,Schwimmlehrer/Schwimmlehrerin
B 27223-157,3118.3.5,CAD-Fachkraft (ohne Schwerpunkt)
B 24232-105,7223.4.4,Zerspanungsmechaniker/Zerspanungsmechanikerin Fachrichtung Drehtechnik
B 24232-100,7223.4.4,CNC-Dreher/CNC-Dreherin
B 61152-102,4213.1,Pfandleiher/Pfandleiherin
B 51694-103,1324.3.1,Leiter/Leiterin für Logistik
B 71401-110,4132.1,Datenerfasser/Datenerfasserin
B 52422-101,3152.2,Binnenschiffer/Binnenschifferin
B 52423-106,3152.2,Steuermann/Steuerfrau (Binnenschifffahrt)
B 93432-105,7315.1,Staatlich geprüfter Glasbildner/Staatlich geprüfte Glasbildnerin
B 53194-105,1349.20,Leiter im Rettungsdienst/Leiterin im Rettungsdienst
B 43343-104,3513.2,Netzwerkadministrator/Netzwerkadministratorin
B 43313-100,3513.2,Netzwerk-Servicetechniker/Netzwerk-Servicetechnikerin
B 22104-106,2145.3,Ingenieur/Ingenieurin für Kunststofftechnik
B 94124-101,2652.3.2,Sänger/Sängerin
B 72144-102,2412.11,Venture-Capitalist
B 11302-102,9212.2,Pferdepfleger/Pferdepflegerin
B 11302-104,9212.2,Pferdewirt/Pferdewirtin Fachrichtung Pferdehaltung und Service
B 83314-102,3413.2,Pastoralreferent/Pastoralreferentin
B 23322-110,3431.1,Fotograf/Fotografin
B 26332-125,7412.2,Kraftfahrzeugelektriker/Kraftfahrzeugelektrikerin
B 25212-236,7412.2,Kraftfahrzeugmechatroniker/Kraftfahrzeugmechatronikerin Schwerpunkt System- und Hochvolttechnik
B 31213-105,3111.5,Staatlich geprüfter Techniker/Staatlich geprüfte Technikerin Fachrichtung Seevermessungstechnik
B 21212-129,8112.2,Aufbereiter/Aufbereiterin im Bergbau
B 91344-103,2431.11,Marktforscher/Marktforscherin
B 93522-135,7313.1.7,Edelsteinfasser/Edelsteinfasserin
B 27304-165,2141.4.1,Produktionsingenieur/Produktionsingenieurin
B 84304-100,2310.1,Dozent/Dozentin an Hochschulen und Akademien
B 81762-100,3259.5,Diätassistent/Diätassistentin
B 43134-114,2131.3,Bioinformatiker/Bioinformatikerin
B 94704-108,2621.6,Kurator/Kuratorin
B 24412-225,7214.3,Fachkraft für Metalltechnik Fachrichtung Konstruktionstechnik
B 25102-100,7214.3,Konstruktionsmechaniker/Konstruktionsmechanikerin Fachrichtung Ausrüstungstechnik
B 24412-124,7214.3,Konstruktionsmechaniker/Konstruktionsmechanikerin
B 24412-122,7214.3,Metallbauer/Metallbauerin Fachrichtung Konstruktionstechnik
B 52512-104,8341.1,Forstmaschinenführer/Forstmaschinenführerin
B 23223-110,2166.9,Staatlich geprüfter Gestalter/Staatlich geprüfte Gestalterin Fachrichtung Grafikdesign
B 23222-101,2166.9,Staatlich geprüfter Grafikdesigner/Staatlich geprüfte Grafikdesignerin
B 54152-104,9112.1,Flugzeugreiniger/Flugzeugreinigerin
B 62272-103,5223.7.25,Fachverkäufer/Fachverkäuferin für Kraftfahrzeuge
B 51432-101,5111.2.2,Schiffssteward/Schiffsstewardess
B 71324-100,2421.2,Unternehmensberater/Unternehmensberaterin
B 83124-107,2635.3.21,Bewährungshelfer/Bewährungshelferin
B 92123-102,3341.3,"Trainer/Trainerin, Supervisor/Supervisorin im Callcenter"
B 84404-103,2359.9,Lehrer/Dozent/Lehrerin/Dozentin in der Erwachsenenbildung
B 94383-103,5161.1,Astrologe/Astrologin
B 94523-100,2654.1.3,Kameramann/Kamerafrau
B 71104-100,1120.3,Geschäftsführer/Geschäftsführerin
B 71402-118,4110.1,Kaufmännische Fachkraft
B 71402-126,4110.1,Bürogehilfe/Bürogehilfin
B 71402-115,4110.1,Büroassistent/Büroassistentin
B 92203-108,1222.1.2,Public-Relations-Manager/Public-Relations-Managerin
B 91244-111,2632.1.1,Kommunikationswissenschaftler/Kommunikationswissenschaftlerin
B 63114-100,1221.6,Touristikmanager/Touristikmanagerin
B 51133-116,3151.4,Technischer Wachoffizier/Technische Wachoffizierin (Fachschule)
B 51133-110,3151.4,Technischer Wachoffizier/Technische Wachoffizierin
B 51133-104,3151.4,Schiffsmaschinist/Schiffsmaschinistin
B 51134-106,3151.4,Technischer Wachoffizier/Technische Wachoffizierin (FH)
B 71214-101,1111.4,Bürgermeister/Bürgermeisterin
B 32162-105,7215.1,Tribünenbauer/Tribünenbauerin
B 93422-103,7316.1.2,Glas- und Kerammaler/Glas- und Kerammalerin Fachrichtung Glasmalerei
B 91214-107,2636.4,Religionswissenschaftler/Religionswissenschaftlerin
B 83212-122,5152.2,Haushälter/Haushälterin (Privathaushalt)
B 28122-149,8152.1,Textilmaschinenführer/Textilmaschinenführerin - Maschenindustrie
B 28122-152,8152.1,Textilmechaniker/Textilmechanikerin - Maschenindustrie
B 28122-234,8152.1,Maschinen- und Anlagenführer/Maschinen- und Anlagenführerin - Textiltechnik (Maschen)
B 53244-101,1349.9,Gefängnisdirektor/Gefängnisdirektorin
B 24122-104,8121.5,Walzer/Walzerin
B 41284-118,2131.4.2,Biochemiker/Biochemikerin
B 82522-101,3254.1,Augenoptiker/Augenoptikerin
B 22102-114,8142.14,Kunststofftiefzieher/Kunststofftiefzieherin
B 63222-103,4224.2,Night-Auditor
B 51532-101,4323.2,Flugdienstberater/Flugdienstberaterin
B 26242-113,3133.1.2,Servicetechniker/Servicetechnikerin für Biogasanlagen
B 34312-110,7126.10,Fachkraft für Abwassertechnik
B 52112-101,8322.7,Taxifahrer/Taxifahrerin
B 28122-165,8159.6,Textilmaschinenführer/Textilmaschinenführerin - Vliesstoff
B 28122-235,8159.6,Maschinen- und Anlagenführer/Maschinen- und Anlagenführerin - Textiltechnik (Vliesstoff)
B 28122-169,8159.6,Textilmechaniker/Textilmechanikerin - Vliesstoff
B 27224-101,2149.2.4,Konstruktionsingenieur/Konstruktionsingenieurin
B 94523-103,3521.1.2,Kamera-Operator/Kamera-Operatorin
B 81182-109,5329.3,Fachkraft für Medizinprodukteaufbereitung
B 11213-110,5164.5,Geprüfter Klauenpfleger/Geprüfte Klauenpflegerin
B 51422-101,4221.1,Bodensteward/Bodenstewardess
B 23312-100,8132.2,Fotomedienlaborant/Fotomedienlaborantin
B 23312-101,8132.2,Fotolaborant/Fotolaborantin
B 62262-108,5223.7.7,Fachverkäufer/Fachberater / Fachverkäuferin/Fachberaterin - Bau-/Heimwerkerbedarf
B 81404-101,2211.1,Facharzt/Fachärztin Fachrichtung Allgemeinmedizin (Hausarzt/Hausärztin)
B 71214-106,1111.1,Stadtrat/Stadträtin
B 26233-101,3131.3,Geprüfter Kraftwerker/Geprüfte Kraftwerkerin
B 92133-101,2431.6,Relationship-Manager/Relationship-Managerin
B 41104-105,2120.5,Mathematiker/Mathematikerin
B 72244-104,2412.8,Treuhänder/Treuhänderin
B 92413-112,2642.1.14,Bildredakteur/Bildredakteurin
B 28322-121,7318.5,Sattler/Sattlerin Fachrichtung Feintäschnerei
B 28322-107,7318.5,Feintäschner/Feintäschnerin
B 28322-106,7318.5,Täschner/Täschnerin
B 28322-104,7318.5,Feinsattler/Feinsattlerin
B 28112-103,7533.2,Sticker/Stickerin
B 28112-128,7533.2,Textilgestalter/Textilgestalterin im Handwerk Fachrichtung Sticken
B 61122-101,5223.5,Verkaufssachbearbeiter/Verkaufssachbearbeiterin
B 25122-108,8182.2,Geprüfter Kesselwärter/Geprüfte Kesselwärterin
B 93522-105,7313.2,Edelsteinschleifer/Edelsteinschleiferin (ohne Fachrichtungen)
B 93522-204,7313.2,Edelsteinschleifer/Edelsteinschleiferin Fachrichtung Edelsteinschleifen
B 27194-100,1223.2,Leiter/Leiterin in der Forschung und Entwicklung
B 32252-101,7126.11,Kanalbauer/Kanalbauerin
B 32252-109,7126.11,Tiefbaufacharbeiter/Tiefbaufacharbeiterin Schwerpunkt Kanalbauarbeiten
B 93232-100,3432.1,Raumausstatter/Raumausstatterin
B 22202-101,7132.1,Lackierer/Lackiererin in der Spritzlackierung
B 51583-100,4323.5,Gefahrgutbeauftragter/Gefahrgutbeauftragte
B 27312-133,7543.7,Güte- und Materialprüfer/Qualitätsfachmann / Güte- und Materialprüferin/Qualitätsfachfrau
B 94714-101,2621.3,Konservator/Konservatorin
B 26242-115,7411.1.4,Solarmonteur/Solarmonteurin
B 26243-100,7411.1.4,Solartechniker/Solartechnikerin
B 81232-116,2269.8,Medizinischer Technologe/Medizinische Technologin für Radiologie
B 81232-102,2269.8,Medizinisch-technischer Radiologieassistent/Medizinisch-technische Radiologieassistentin
B 94532-100,3521.1,Audio-Engineer
B 24212-110,8121.7,Metallgewebemacher/Metallgewebemacherin
B 27104-158,2149.6,Inbetriebnahmeingenieur/Inbetriebnahmeingenieurin
B 82542-101,3214.2,Zahntechniker/Zahntechnikerin
B 43384-110,2529.4,Ethical Hacker
B 81132-100,2267.2,Orthoptist/Orthoptistin
B 53152-104,3411.8,Detektiv/Detektivin
B 22102-116,8142.5,Laminierer/Laminiererin (Kunststoffverarbeitung)
B 62412-101,5223.7.12,Fachverkäufer/Fachverkäuferin für Kosmetik und Körperpflege
B 11711-105,9215.1,Helfer/Helferin in der Forstwirtschaft
B 43384-101,2529.8,IT-Sicherheitskoordinator/IT-Sicherheitskoordinatorin
B 84583-113,3422.4.5,Snowboardlehrer/Snowboardlehrerin
B 28214-103,2163.1.3,Modedesigner/Modedesignerin
B 23412-132,7322.8,Vervielfältiger/Vervielfältigerin
B 23212-141,2166.4,DTP-Fachkraft
B 53123-100,2263.3,Fachkraft für Arbeitssicherheit
B 81783-100,2269.9.3,Tanz- und Bewegungstherapeut/Tanz- und Bewegungstherapeutin
B 51212-101,9312.1.4,Fahrbahnmarkierer/Fahrbahnmarkiererin
B 94183-100,3521.1.7,Audiodesigner/Audiodesignerin - Musik
B 24524-101,2144.1.22,Werkzeugingenieur/Werkzeugingenieurin
B 32252-100,8113.8,"Tunnelbauer, Mineur/Tunnelbauerin, Mineurin"
B 24422-116,7212.3,Schweißer/Schweißerin
B 81822-105,3213.2,Pharmazeutisch-technischer Assistent/Pharmazeutisch-technische Assistentin
B 41114-102,3321.2,Risikoanalytiker/Risikoanalytikerin (Versicherung)
B 81804-105,2262.1,Apotheker/Apothekerin
B 54152-100,9122.1,Fahrzeugpfleger/Fahrzeugpflegerin
B 81233-101,2269.8.1,Fachradiologietechnologe/Fachradiologietechnologin für radiologische Diagnostik und Interventionen
B 94623-102,3435.10,Requisitenmeister/Requisitenmeisterin
B 53333-100,3257.3,Lebensmittelkontrolleur/Lebensmittelkontrolleurin
B 29204-110,3257.3,Lebensmittelsachverständiger/Lebensmittelsachverständige
B 24232-102,7223.4.4.1,Dreher/Dreherin
B 24232-105,7223.4.4.1,Zerspanungsmechaniker/Zerspanungsmechanikerin Fachrichtung Drehtechnik
B 94144-103,2652.1,Komponist/Komponistin
B 51662-107,4412.2,Dienstleistungsfachkraft im Postbetrieb
B 51322-104,4412.2,Fachkraft für Brief- und Frachtverkehr
B 51322-108,4412.2,"Fachkraft für Kurier-, Express- und Postdienstleistungen"
B 51322-109,4412.2,Postjungbote/Postjungbotin
B 26324-113,2152.1.10,Ingenieur/Ingenieurin für Mikrosystemtechnik
B 41404-103,2111.3,Physiker/Physikerin
B 23412-140,7322.3,Drucker/Druckerin Fachrichtung Tiefdruck
B 81733-102,2266.2,Sprachtherapeut/Sprachtherapeutin
B 52313-103,3153.2.1,Co-Pilot/Co-Pilotin
B 41422-111,2146.1,Edelmetallprüfer/Edelmetallprüferin
B 62222-101,5223.7.22,Fachverkäufer/Fachverkäuferin für Schmuck/Uhren/Gold-/Silberwaren
B 43114-114,1330.1.1,Informationsmanager/Informationsmanagerin
B 84583-114,3422.4.4,Skilehrer/Skilehrerin
B 43343-104,2522.1.1,Netzwerkadministrator/Netzwerkadministratorin
B 52132-100,8311.1,Schienenfahrzeugführer/Schienenfahrzeugführerin
B 63221-130,4224.1,Empfangsmitarbeiter/Empfangsmitarbeiterin (Hotel)
B 51694-103,1324.3,Leiter/Leiterin für Logistik
B 62232-102,5223.7.37,Fachverkäufer/Fachverkäuferin für Spielwaren
B 42124-124,2114.1.9,Paläontologe/Paläontologin
B 93612-126,7312.6.1,Zupfinstrumentenmacher/Zupfinstrumentenmacherin Fachrichtung Gitarrenbau
B 43394-103,1330.2,Leiter/Leiterin der IT
B 24222-114,7224.2,Werkzeugschleifer/Werkzeugschleiferin
B 29242-106,8160.32,Fischwerker/Fischwerkerin
B 29242-100,8160.32,Fischverarbeiter/Fischverarbeiterin
B 53111-124,5414.1.5,Pförtner/Pförtnerin
B 72224-100,2411.1.5,Kostenanalytiker/Kostenanalytikerin
B 29232-100,8160.47,Fleischer/Fleischerin
B 94283-103,3435.24,Stuntman/Stuntwoman
B 72302-105,4312.7,Gehilfe/Gehilfin in wirtschafts- und steuerberatenden Berufen
B 72302-103,4312.7,Gehilfe/Gehilfin für Buchprüfung und Steuerberatung
B 72302-102,4312.7,Fachgehilfe/Fachgehilfin in steuer- und wirtschaftsberatenden Berufen
B 72302-100,4312.7,Steuerfachangestellter/Steuerfachangestellte
B 61124-102,2433.4,Vertriebsingenieur/Vertriebsingenieurin
B 28104-109,2141.11,Ingenieur/Ingenieurin für Textiltechnik
B 28122-115,7543.10.4,Textilstopfer/Textilstopferin
B 28122-231,7543.10.4,Produktprüfer/Produktprüferin - Textil
B 22322-110,8172.5,Sägewerker/Sägewerkerin
B 22322-100,8172.5,Holzbearbeitungsmechaniker/Holzbearbeitungsmechanikerin Fachrichtung Sägeindustrie
B 43413-101,2512.5,Nutzerschnittstellenentwickler/Nutzerschnittstellenentwicklerin
B 23224-117,2512.5,Interfacedesigner/Interfacedesignerin
B 27393-109,3139.1,Bandleiter/Bandleiterin
B 42124-122,2114.3,Mineraloge/Mineralogin
B 26304-127,2151.1,Ingenieur/Ingenieurin für Elektrotechnik
B 63132-114,3423.4,Staatlich geprüfter Berg- und Skiführer/Staatlich geprüfte Berg- und Skiführerin
B 94614-105,3432.5,Szenenbildner/Szenenbildnerin
B 94614-104,3432.5,Bühnenbildner/Bühnenbildnerin
B 94614-106,3432.5,Filmarchitekt/Filmarchitektin
B 94614-107,3432.5,Ausstatter/Ausstatterin
B 41323-101,3111.1,Staatlich geprüfter Techniker/Staatlich geprüfte Technikerin Fachrichtung Chemietechnik Schwerpunkt Laboratoriumstechnik
B 28221-108,9321.1,Helfer/Helferin in der Textilverarbeitung
B 81301-107,5321.1.1,Gesundheits- und Krankenpflegehelfer/Gesundheits- und Krankenpflegehelferin
B 81301-120,5321.1.1,Pflegeassistent/Pflegeassistentin (Gesundheits- und Krankenpflege)
B 25242-104,7233.10,Schiffsmechaniker/Schiffsmechanikerin
B 53132-102,5411.1,Berufsfeuerwehrmann/Berufsfeuerwehrfrau
B 84304-206,2310.1.27,Dozent/Dozentin für Musikberufe
B 63122-100,3423.2.1,Sport- und Fitnesskaufmann/Sport- und Fitnesskauffrau
B 63122-101,3423.2.1,Staatlich geprüfter Sportassistent/Staatlich geprüfte Sportassistentin
B 24232-333,7223.7,Fachkraft für Metalltechnik Fachrichtung Zerspanungstechnik
B 24232-165,7223.7,Feinwerkmechaniker/Feinwerkmechanikerin Schwerpunkt Zerspanungstechnik
B 24232-161,7223.7,Zerspanungsmechaniker/Zerspanungsmechanikerin
B 43233-104,2434.1,IT-Vertriebsbeauftragter/IT-Vertriebsbeauftragte
B 94414-100,2654.1.6,Regisseur/Regisseurin
B 34393-123,3112.1.9,Deponieleiter/Deponieleiterin
B 33322-118,7214.2,"Bootsbauer/Bootsbauerin Fachrichtung Neu-, Aus- und Umbau"
B 33322-112,7214.2,Bootsbauer/Bootsbauerin (ohne Fachrichtungen)
B 93532-101,7316.3,Graveur/Graveurin (mit Schwerpunkten)
B 93532-129,7316.3,Graveur/Graveurin
B 43394-102,1330.7,Geprüfter IT-Projektleiter/Geprüfte IT-Projektleiterin (Weiterbildung/Ausbildung)
B 43394-105,1330.7,IT-Manager/IT-Managerin
B 71442-100,2642.1.5,Korrektor/Korrektorin
B 92203-105,2422.13,Politischer Berater/Politische Beraterin
B 26324-114,2152.1.7,Ingenieur/Ingenieurin für Mikroelektronik
B 31114-103,2161.1,Architekt/Architektin
B 43353-103,2521.1,Datenbankadministrator/Datenbankadministratorin
B 73223-118,3344.2,Praxismanager/Praxismanagerin
B 92413-113,2641.4.4,Technischer Redakteur/Technische Redakteurin
B 63132-104,2659.4,Animateur/Animateurin - Freizeit
B 71403-118,3343.4,Managementassistent / Managementassistentin
B 81302-100,2221.2,Krankenpfleger/Krankenschwester
B 81302-103,2221.2,Gesundheits- und Krankenpfleger/Gesundheits- und Krankenpflegerin
B 81302-129,2221.2,Pflegefachmann/Pflegefachfrau
B 83142-103,3412.4,Sozialassistent/Sozialassistentin
B 21112-112,8113.5,"Tiefbohrfacharbeiter/Tiefbohrfacharbeiterin (Erdöl-, Erdgasgewinnung)"
B 81804-106,2262.1.2,Fachapotheker/Fachapothekerin
B 23124-103,2141.9,Ingenieur/Ingenieurin für Verpackungstechnik
B 72113-105,3312.5,Kreditsachbearbeiter/Kreditsachbearbeiterin
B 61313-104,3334.3,Immobilienmakler/Immobilienmaklerin
B 29222-116,3434.1.2,Patissier/Patissière
B 94704-107,2621.7,Registrar/Registrarin (Museum)
B 62422-101,5223.7.27,Fachverkäufer/Fachverkäuferin im Sanitätsfachhandel
B 52532-121,8343.1,Seilbahnbetriebsregler/Seilbahnbetriebsreglerin
B 53111-121,5419.5,Ordner/Ordnerin bei Veranstaltungen
B 91384-111,2432.4,Interkultureller Kommunikationsberater/Interkulturelle Kommunikationsberaterin
B 29302-100,5120.1,Koch/Köchin
B 25232-102,7232.5,Fluggerätmechaniker/Fluggerätmechanikerin Fachrichtung Instandhaltungstechnik
B 28222-115,7532.2,Zuschneider/Zuschneiderin (Bekleidung)
B 73112-108,3411.7,Rechtsanwaltsgehilfe/Rechtsanwaltsgehilfin
B 73112-104,3411.7,Rechtsbeistandsgehilfe/Rechtsbeistandsgehilfin
B 73112-100,3411.7,Rechtsanwaltsfachangestellter/Rechtsanwaltsfachangestellte
B 28242-104,7534.2,Matratzenhersteller/Matratzenherstellerin
B 72122-103,2412.6.2,Investmentfondskaufmann/Investmentfondskauffrau
B 28122-112,8152.3,Textilmechaniker/Textilmechanikerin - Weberei
B 28122-232,8152.3,Maschinen- und Anlagenführer/Maschinen- und Anlagenführerin - Textiltechnik (Weberei)
B 28122-108,8152.3,Textilmaschinenführer/Textilmaschinenführerin - Weberei
B 28333-103,7536.2.5,Staatlich geprüfter Techniker/Staatlich geprüfte Technikerin Fachrichtung Schuhtechnik Schwerpunkt Modellgestaltung
B 51504-100,2164.3,Verkehrsplaner/Verkehrsplanerin
B 26332-100,7412.8,Schiffselektriker/Schiffselektrikerin
B 22352-113,7317.5,Flechtwerkgestalter/Flechtwerkgestalterin Schwerpunkt Flechtmöbel
B 22352-104,7317.5,Korbmacher/Korbmacherin Fachrichtung Korbmöbelbau
B 26324-115,2149.11.1,Ingenieur/Ingenieurin für Nanotechnologie
B 94482-100,3435.16,Souffleur/Souffleuse
B 51653-101,3324.1.1,Schiffsmakler/Schiffsmaklerin
B 93312-105,2651.9,Bildhauer/Bildhauerin
B 71394-104,1219.4,Bereichsleiter/Bereichsleiterin
B 93323-103,2166.2,Trickfilmzeichner/Trickfilmzeichnerin
B 29253-102,3122.1,Staatlich geprüfter Techniker/Staatlich geprüfte Technikerin Fachrichtung Milchwirtschaft und Molkereiwesen
B 41323-100,3141.2.2,Staatlich geprüfter Techniker/Staatlich geprüfte Technikerin Fachrichtung Chemietechnik Schwerpunkt Biochemie
B 21112-103,7233.11,Berg- und Maschinenmann/Berg- und Maschinenfrau Fachrichtung Transport und Instandhaltung
B 28242-142,7534.3,Raumausstatter/Raumausstatterin Schwerpunkt Polstern
B 28242-101,7534.3,Polsterer/Polsterin
B 29193-102,2145.1.2,Brauer- und Mälzermeister/Brauer- und Mälzermeisterin
B 29193-108,2145.1.2,Betriebsbraumeister/Betriebsbraumeisterin
B 81353-101,2222.1,Hebamme/Entbindungspfleger
B 51422-102,5111.1,Purser/Purserette (Luftfahrt)
B 51412-101,5112.2,Reiseberater/Reiseberaterin (Bahn)
B 23224-117,2513.3,Interfacedesigner/Interfacedesignerin
B 84454-105,2353.1,Fremdsprachenlehrer/Fremdsprachenlehrerin
B 43333-100,3511.1,Operator/Operatorin (EDV)
B 62322-101,5223.7.23,Gewerbegehilfe/Gewerbegehilfin im Fleischerhandwerk
B 62322-100,5223.7.23,Fachverkäufer/Fachverkäuferin im Nahrungsmittelhandwerk Schwerpunkt Fleischerei
B 62322-102,5223.7.23,Fachverkäufer/Fachverkäuferin im Lebensmittelhandwerk Schwerpunkt Fleischerei
B 73134-101,2611.1,Rechtsanwalt/Rechtsanwältin
B 29132-101,8160.27,Destillateur/Destillateurin
B 29132-104,8160.27,Destillatbrenner/Destillatbrennerin
B 81624-112,2634.2.3,Gesundheits- und Rehabilitationspsychologe/Gesundheits- und Rehabilitationspsychologin
B 83133-100,2352.1,Staatlich anerkannter Sonderpädagoge/Staatlich anerkannte Sonderpädagogin
B 84134-109,2352.1,Lehrer/Lehrerin - Förderschulen
B 93412-112,7314.2,Keramiker/Keramikerin
B 93412-110,7314.2,Töpfer/Töpferin
B 28222-307,7531.5,Maßschneider/Maßschneiderin Schwerpunkt Herren
B 28222-107,7531.5,Herrenschneider/Herrenschneiderin
B 93642-106,7312.3.3,Klavierbauer/Klavierbauerin
B 93642-103,7312.3.3,Klavier- und Cembalobauer/Klavier- und Cembalobauerin Fachrichtung Klavierbau
B 92203-106,2432.1,Campaigner/Campaignerin
B 26243-101,,Staatlich geprüfter Techniker/Staatlich geprüfte Technikerin Fachrichtung Windenergietechnik
B 51594-102,1324.3.1.3,Betriebsleiter/Betriebsleiterin für Eisenbahnen
B 22112-102,7231.7,Vulkaniseur und Reifenmechaniker/Vulkaniseurin und Reifenmechanikerin
B 22112-104,7231.7,Reifenmonteur/Reifenmonteurin
B 22112-106,7231.7,Mechaniker/Mechanikerin für Reifen- und Vulkanisationstechnik Fachrichtung Vulkanisationstechnik
B 25132-132,2433.1,"Kundendienstmonteur, Kundendiensttechniker/Kundendienstmonteurin, Kundendiensttechnikerin"
B 91404-108,2631.2,Volkswirt/Volkswirtin
B 24514-105,2144.1.18,Ingenieur/Ingenieurin für Feinwerktechnik
B 27313-102,3119.16,Qualitätssicherungstechniker/Qualitätssicherungstechnikerin
B 94402-103,3435.21,Script Supervisor
B 81142-105,3240.2,Tierarzthelfer/Tierarzthelferin
B 81142-109,3240.2,Tiermedizinischer Fachangestellter/Tiermedizinische Fachangestellte
B 42324-103,1321.2.5,Abfallbeauftragter/Abfallbeauftragte
B 71424-115,2643.5,Gebärdensprachdolmetscher/Gebärdensprachdolmetscherin
B 51412-101,4221.3.1,Reiseberater/Reiseberaterin (Bahn)
B 83124-105,2635.3.8,Sozialarbeiter/Sozialarbeiterin im Strafvollzug
B 26303-100,3113.1,Staatlich geprüfter Techniker/Staatlich geprüfte Technikerin Fachrichtung Elektrotechnik (ohne Schwerpunkt)
B 61142-102,9623.2,Automatenbefüller/Automatenbefüllerin
B 73312-100,4415.1,Registrator/Registratorin
B 29382-101,5120.1.1,Diätkoch/Diätköchin
B 94513-101,3435.15,Beleuchter/Beleuchterin
B 94232-101,5241.2,Mannequin/Dressman
B 62102-101,5223.4,Verkäufer/Verkäuferin
B 83133-126,3412.4.4,Staatlich anerkannter Heilerziehungspfleger/Staatlich anerkannte Heilerziehungspflegerin
B 22352-161,7317.3,Bürsten- und Pinselmacher/Bürsten- und Pinselmacherin Schwerpunkt Herstellen von Bürsten
B 22352-160,7317.3,Bürsten- und Pinselmacher/Bürsten- und Pinselmacherin
B 22352-101,7317.3,Bürsten- und Pinselmacher/Bürsten- und Pinselmacherin Fachrichtung Bürstenherstellung
B 92113-190,2431.8,Customer-Experience-Manager/Customer-Experience-Managerin
B 81634-108,2635.1.4,Familientherapeut und Paartherapeut/Familientherapeutin und Paartherapeutin
B 31212-111,3117.5,Vermessungstechniker/Vermessungstechnikerin Fachrichtung Bergvermessung
B 51493-100,5112.1,Zugführer/Zugführerin
B 51493-103,5112.1,Zugchef/Zugchefin
B 51134-101,3151.3,Zweiter Technischer Schiffsoffizier/Zweite Technische Schiffsoffizierin (FH)
B 51133-115,3151.3,Zweiter Technischer Schiffsoffizier/Zweite Technische Schiffsoffizierin
B 51133-101,3151.3,Zweiter Technischer Schiffsoffizier/Zweite Technische Schiffsoffizierin (Fachschule)
B 51133-117,3151.3,Zweite/r Technische/r Offizier/in (mit Einschr.)
B 92204-106,2432.8,Public-Affairs-Manager/Public-Affairs-Managerin
B 43343-106,2522.1,IT-Administrator/IT-Administratorin
B 43343-103,2522.1,IT-Systemadministrator/IT-Systemadministratorin
B 84444-108,2356.1,IT-Trainer/IT-Trainerin
B 84444-107,2356.1,Fachlehrer/Fachlehrerin für Informationsverarbeitung/Textverarbeitung/Bürowirtschaft
B 62194-101,1420.4,"Filialleiter, Verkaufsstellenleiter/Filialleiterin, Verkaufsstellenleiterin"
B 43423-111,2513.1,Game Programmer
B 92113-115,1223.1,Produktmanager/Produktmanagerin
B 27304-223,1223.1,Product-Lifecycle-Manager/Product-Lifecycle-Managerin
B 71384-102,1349.12,Energiemanager/Energiemanagerin
B 29382-116,9411.1,Pizzabäcker/Pizzabäckerin
B 53194-104,1349.7,Einsatzleiter/Einsatzleiterin (Feuerwehr)
B 22102-120,8121.2,Extruderführer/Extruderführerin
B 12101-105,9214.1,Helfer/Helferin im Gartenbau
B 53124-110,2149.10,Ingenieur/Ingenieurin für Sicherheitstechnik
B 71514-115,2424.3,Leiter/Leiterin - betriebliche Aus- und Weiterbildung
B 72133-115,3321.1,Versicherungsmakler/Versicherungsmaklerin
B 24232-116,7223.4.6,CNC-Fräser/CNC-Fräserin
B 24232-121,7223.4.6,Zerspanungsmechaniker/Zerspanungsmechanikerin Fachrichtung Frästechnik
B 24232-117,7223.4.6,Fräser/Fräserin
B 94382-100,5161.2,Wahrsager/Wahrsager
B 82322-108,5142.1,Kosmetiker/Kosmetikerin
B 28123-100,8152.3.3,Staatlich geprüfter Techniker/Staatlich geprüfte Technikerin Fachrichtung Textiltechnik Schwerpunkt Webereitechnik
B 43323-104,2519.5,IT-Qualitätssicherungskoordinator/IT-Qualitätssicherungskoordinatorin
B 53152-105,3315.4,Versicherungsdetektiv/Versicherungsdetektivin
B 42212-100,7133.3,Schornsteinfeger/Schornsteinfegerin
B 12143-101,2162.1.1,Gartengestalter/Landschaftsgestalter / Gartengestalterin/Landschaftsgestalterin
B 43383-101,3512.3,Sicherheitstechniker/Sicherheitstechnikerin (IT)
B 92414-100,2642.1,Journalist/Journalistin
B 27212-131,3118.3,Technischer Produktdesigner/Technische Produktdesignerin (ohne Fachrichtungen)
B 11732-101,5419.10,Wildheger/Wildhegerin
B 33122-104,7114.2,Terrazzoleger/Terrazzolegerin
B 24302-100,7223.9,"Metallvergüter, -härter/Metallvergüterin, -härterin"
B 24302-127,7223.9,Universalhärter/Universalhärterin
B 81474-103,2261.2,Fachzahnarzt/Fachzahnärztin
B 54112-104,7133.2,Fassadenreiniger/Fassadenreinigerin (Gebäudereinigung)
B 94704-110,2621.8,Museologe/Museologin
B 43214-100,2511.13,IT-Systemanalytiker/IT-Systemanalytikerin
B 81753-119,2269.11,Osteopath/Osteopathin
B 92413-107,2513.4,Content-Manager/Content-Managerin
B 61194-153,1221.3.2.1,Vertriebs-Geschäftsführer/Vertriebs-Geschäftsführerin
B 61194-101,1221.3.2.1,Leiter/Leiterin - Vertrieb
B 61124-144,1221.3.2.1,Sales-Manager/Sales-Managerin
B 22212-103,7132.3,Fahrzeuglackierer/Fahrzeuglackiererin
B 22212-100,7132.3,Maler und Lackierer Schwerpunkt Fahrzeuglackierer/Malerin und Lackiererin Schwerpunkt Fahrzeuglackiererin
B 41264-101,2131.4.10,Mikrobiologe/Mikrobiologin
B 73252-100,3411.3,Beamter/Beamtin im Justizdienst (mittlerer nichttechnischer Dienst)
B 42124-120,2114.2,Geophysiker/Geophysikerin
B 23412-130,7322.9,Siebdrucker/Siebdruckerin
B 23412-155,7322.9,Medientechnologe/Medientechnologin Siebdruck
B 43384-111,2529.5,Business-Continuity-Manager/Business-Continuity-Managerin
B 25194-119,3115.1.6,Leiter/Leiterin - Betriebliche Instandhaltung
B 41413-100,3111.11,Staatlich geprüfter Techniker/Staatlich geprüfte Technikerin Fachrichtung Physiktechnik
B 91104-112,2643.4,Sprachwissenschaftler/Sprachwissenschaftlerin
B 12101-110,5163.1,Friedhofsarbeiter/Friedhofsarbeiterin
B 51624-101,1324.8,Supply-Chain-Manager/Supply-Chain-Managerin
B 51504-104,2142.1.9,Ingenieur/Ingenieurin für Verkehrswesen
B 31134-105,2142.1.9,Verkehrsbauingenieur/Verkehrsbauingenieurin
B 43223-102,3512.1,IT-Kundenbetreuer/IT-Kundenbetreuerin
B 26114-104,2144.1.11,Ingenieur/Ingenieurin für Mechatronik
B 23212-114,7321.1.2,Druckvorlagenhersteller/Druckvorlagenherstellerin
B 34334-103,2143.1.4,Ingenieur/Ingenieurin für Abfallwirtschaft
B 81883-100,2433.2,Pharmareferent/Pharmareferentin
B 93103-103,2163.1,Staatlich geprüfter Gestalter/Staatlich geprüfte Gestalterin Fachrichtung Produktdesign
B 93104-106,2163.1,"Industrie-, Produktdesigner/Industrie-, Produktdesignerin"
B 93332-100,7523.6,Drechsler (Elfenbeinschnitzer)/Drechslerin (Elfenbeinschnitzerin) Fachrichtung Drechseln
B 42204-109,2143.1,Ingenieur/Ingenieurin für Umweltschutz/Umwelttechnik
B 94532-104,2654.5,Film- und Videoeditor/Film- und Videoeditorin
B 32162-106,7119.4,Industriekletterer/Industriekletterin
B 41114-108,2120.6,Statistiker/Statistikerin
B 73144-100,2611.1.2,Staatsanwalt/Staatsanwältin
B 91264-107,2632.1,Anthropologe/Anthropologin
B 31224-102,2165.2,Kartograf/Kartografin (Hochschule)
B 72213-104,4313.1,Lohn- und Gehaltsbuchhalter/Lohn- und Gehaltsbuchhalterin
B 72213-189,4313.1,Fachassistent/Fachassistentin Lohn und Gehalt
B 81634-120,2634.2.4,Psychotherapeut/Psychotherapeutin
B 81634-104,2634.2.4,Psychologischer Psychotherapeut/Psychologische Psychotherapeutin
B 29203-110,3119.5,Staatlich geprüfter Techniker/Staatlich geprüfte Technikerin Fachrichtung Lebensmitteltechnik (ohne Schwerpunkt)
B 51533-101,3154.2,Sachbearbeiter/Sachbearbeiterin für Luftaufsicht
B 25222-100,7233.1,Baumaschinenmechaniker/Baumaschinenmechanikerin
B 52532-190,7215.2,Anschläger/Anschlägerin
B 41484-114,2149.1,Akustiker/Akustikerin
B 92434-101,2641.4,Autor/Schriftsteller / Autorin/Schriftstellerin
B 22352-111,7317.2,Flechtwerkgestalter/Flechtwerkgestalterin
B 72144-103,2412.3,Risk-Manager/Risk-Managerin
B 23212-103,7321.1.6,Schriftsetzer/Schriftsetzerin
B 23212-102,7321.1.6,Mediengestalter/Mediengestalterin für Digital- und Printmedien Fachrichtung Mediendesign
B 27312-125,7543.9,Qualitätskontrolleur/Qualitätskontrolleurin
B 22102-101,8141.1,Gummiverarbeiter/Gummiverarbeiterin
B 41114-104,2120.6.1,Biometriker/Biometrikerin
B 51123-100,7543.7.1,Prüfer/Prüferin von Luftfahrtgerät / Certifying Staff
B 43353-104,2521.3,Datenbankentwickler/Datenbankentwicklerin
B 43104-134,2521.3,Data Engineer
B 31193-104,3122.3,Montageleiter im Bereich Bau/Montageleiterin im Bereich Bau
B 92113-110,2431.1,Werbetexter/Werbetexterin
B 43224-101,2511.10,IT-Berater/IT-Beraterin
B 43224-126,2511.10,CRM-Consultant
B 11212-104,6121.5,Tierwirt/Tierwirtin Fachrichtung Schäferei
B 26234-125,2149.9,Ingenieur/Ingenieurin für Energietechnik
B 33312-103,7124.1,"Wärme-, Kälte- und Schallschutzisolierer/Wärme-, Kälte- und Schallschutzisoliererin"
B 33312-101,7124.1,"Ausbaufacharbeiter/Ausbaufacharbeiterin Schwerpunkt Wärme-, Kälte- und Schallschutzarbeiten"
B 33312-100,7124.1,Isolierfacharbeiter/Isolierfacharbeiterin
B 33312-114,7124.1,Isolierer/Isoliererin
B 33312-102,7124.1,Industrie-Isolierer/Industrie-Isoliererin
B 84543-108,3422.4.7,Staatlich geprüfter Tennislehrer/Staatlich geprüfte Tennislehrerin
B 25103-104,3115.1,Staatlich geprüfter Techniker/Staatlich geprüfte Technikerin Fachrichtung Maschinentechnik (ohne Schwerpunkt)
B 33212-106,8122.10,Entroster/Entrosterin
B 52384-100,3153.2.3,Checkkapitän/Checkkapitänin
B 84523-101,3153.2.3,Fluglehrer/Fluglehrerin
B 28222-110,7531.1,Theaterschneider/Theaterschneiderin
B 61323-103,1219.1.1,Fachwirt/Fachwirtin für Facility-Management
B 34193-100,1219.1.1,Leitender Haustechniker/Leitende Haustechnikerin
B 61323-101,1219.1.1,Fachmann für Gebäudebewirtschaftung/Fachfrau für Gebäudebewirtschaftung
B 61323-102,1219.1.1,Facility-Manager/Facility-Managerin
B 53232-100,3411.6,Vollziehungsbeamter/Vollziehungsbeamtin
B 53233-100,3411.6,Gerichtsvollzieher/Gerichtsvollzieherin
B 63143-100,5113.1,Fremdenführer/Fremdenführerin
B 32142-118,7121.1,Dachdecker/Dachdeckerin Schwerpunkt Dachdeckungstechnik
B 32142-115,7121.1,Dachdecker/Dachdeckerin
B 23312-102,8132.1,Film- und Videolaborant/Film- und Videolaborantin
B 23312-110,8132.1,Filmkopienfertiger/Filmkopenfertigerin
B 92113-109,2431.10.1,Mediaplaner/Mediaplanerin
B 84483-110,3253.1.1,Ausbilder/Ausbilderin für Erste Hilfe
B 25104-143,2141.10,Ingenieur/Ingenieurin für Verfahrenstechnik
B 41274-121,2131.4.7,Epidemiologe/Epidemiologin
B 71324-102,2431.5,Business-Development-Manager/Business-Development-Managerin
B 26312-174,7422.2,Servicetechniker/Servicetechnikerin für Informationstechnologie
B 71401-147,4222.1,Kundeninformationsfachkraft
B 12142-102,6112.1,Baumpfleger/Baumpflegerin
B 92204-100,2432.9.1,Pressesprecher/Pressesprecherin
B 31194-107,1323.1.2,"Leiter/Leiterin - Projektentwicklung (Immobilien, Bau)"
B 93312-103,7317.6,Holzbildhauer/Holzbildhauerin
B 29322-101,5120.1.2,Poissonnier/Poissonnierin
B 11604-102,3142.1.3,Weinbauberater/Weinbauberaterin
B 42134-102,2632.5,Geograf/Geografin
B 24302-106,8122.7,Galvaniseur/Galvaniseurin
B 24302-126,8122.7,Oberflächenbeschichter/Oberflächenbeschichterin
B 26124-111,2141.4.2.1,Ingenieur/Ingenieurin für Automatisierungstechnik
B 61113-135,3323.2.2,IT-Einkäufer/IT-Einkäuferin
B 29322-102,5120.1.3,Rotisseur/Rotisseurin
B 29322-100,5120.1.3,Grilleur/Grilleurin
B 24512-126,7311.5,Chirurgiemechaniker/Chirurgiemechanikerin
B 84513-100,5165.1,Fahrlehrer/Fahrlehrerin
B 92412-101,3343.2,Redaktionsassistent/Redaktionsassistentin
B 27303-106,3119.8,REFA-Techniker/REFA-Technikerin
B 82322-105,5142.6,Geprüfter Nageldesigner/Geprüfte Nageldesignerin
B 24114-100,2146.5,Ingenieur/Ingenieurin für Hüttentechnik
B 11333-101,7221.1.1,Hufbeschlagschmied/Hufbeschlagschmiedin
B 51132-105,8350.5,Matrose/Matrosin
B 43423-102,2514.2,Anwendungsprogrammierer/Anwendungsprogrammiererin
B 93612-128,7312.6.2,Zupfinstrumentenmacher/Zupfinstrumentenmacherin Fachrichtung Harfenbau
B 94623-101,3435.18,Geprüfter Requisiteur/Geprüfte Requisiteurin
B 28222-112,8153.1.2,Musterschneider/Musterschneiderin
B 81112-109,3251.1,Zahnmedizinischer Fachangestellter/Zahnmedizinische Fachangestellte
B 62112-102,4221.3,Kartenverkäufer/Kartenverkäuferin
B 25112-101,8211.2,Maschinenzusammensetzer/Maschinenzusammensetzerin
B 34342-103,8211.2,"Montagemechaniker, Anlagenmonteur / Montagemechanikerin, Anlagenmonteurin"
B 82322-106,5142.11,Solariumfachberater/Solariumfachberaterin
B 71393-102,1219.6,Projektleiter/Projektleiterin
B 11302-102,9212.3,Pferdepfleger/Pferdepflegerin
B 11302-104,9212.3,Pferdewirt/Pferdewirtin Fachrichtung Pferdehaltung und Service
B 63322-103,5132.1.1,Barista
B 42334-101,2263.5,Strahlenschutzbeauftragter/Strahlenschutzbeauftragte
B 91214-106,2633.2,Philosoph/Philosophin
B 82523-108,2267.1,Optometrist/Optometristin
B 72123-114,3311.2,Finanzmakler/Finanzmaklerin
B 92203-101,2432.9,PR-Fachkraft
B 92203-108,2432.9,Public-Relations-Manager/Public-Relations-Managerin
B 25212-108,7231.6,Pannendienstfahrer/Pannendienstfahrerin
B 62262-101,5223.7.18,Geprüfter Kundenberater/Geprüfte Kundenberaterin im Gartenbau
B 62262-104,5223.7.18,Fachverkäufer/Fachverkäuferin für Pflanzen und Saatgut
B 53183-100,7422.5,Servicetechniker/Servicetechnikerin für Sicherheits- und Alarmanlagen
B 42334-100,7133.5,Dekontreiniger/Dekontreinigerin
B 62412-106,3213.1,Pharmazeutisch-kaufmännischer Angestellter/Pharmazeutisch-kaufmännische Angestellte
B 84304-190,2310.1.5,Wissenschaftlicher Mitarbeiter/Wissenschaftliche Mitarbeiterin an Hochschulen
B 83193-102,1341.3,Kindergartenleiter/Kindergartenleiterin
B 51321-106,9629.1,Plakatierer/Plakatiererin
B 81752-100,2230.2,Heilpraktiker/Heilpraktikerin
B 24212-127,8121.6,Federmacher/Federmacherin
B 92203-104,2432.3,Fundraiser/Fundraiserin
B 53134-105,3112.1.6,Brandschutzsachverständiger/Brandschutzsachverständige
B 25244-103,2144.1.10,Ingenieur/Ingenieurin für Schiffbau und Meerestechnik
B 72213-101,3313.2,Buchhalter/Buchhalterin
B 81624-102,2634.2.1,Klinischer Psychologe/Klinische Psychologin
B 23223-107,2513.5,Webdesigner/Webdesignerin
B 23114-103,2145.1.8,Ingenieur/Ingenieurin für Papiertechnik
B 24412-121,7223.14,Metallbauer/Metallbauerin Fachrichtung Metallgestaltung
B 21212-117,8114.7,Naturwerksteinmechaniker/Naturwerksteinmechanikerin Fachrichtung Schleiftechnik
B 21212-118,8114.7,Natursteinschleifer/Natursteinschleiferin
B 29193-101,6112.4,Kellermeister/Kellermeisterin
B 29193-100,6112.4,Weinküfermeister/Weinküfermeisterin
B 29123-102,6112.4,Staatlich geprüfter Techniker/Staatlich geprüfte Technikerin Fachrichtung Kellerwirtschaft
B 24142-107,7211.1.2,Kernmacher/Kernmacherin
B 24132-172,7211.1.2,Gießereimechaniker/Gießereimechanikerin Schwerpunkt Kernherstellung
B 61312-100,4312.6,Immobilienassistent/Immobilienassistentin
B 61312-101,4312.6,Kaufmann/Kauffrau in der Grundstücks- und Wohnungswirtschaft
B 61312-103,4312.6,Immobilienkaufmann/Immobilienkauffrau
B 71524-113,2635.3.11,Fallmanager/Fallmanagerin
B 42124-119,2114.1,Geologe/Geologin
B 71394-101,1120.4,Betriebsleiter/Betriebsleiterin - kaufmännisch
B 27394-131,1321.2.3,Werkleiter/Werkleiterin
B 81214-105,2619.2,Facharzt/Fachärztin Fachrichtung Rechtsmedizin
B 62193-100,5222.1.1,Kassenaufsicht (Handel)
B 84553-107,3423.2,Fitnesstrainer/Fitnesstrainerin
B 82213-100,3253.1,Sozialmedizinischer Assistent/Sozialmedizinische Assistentin
B 93652-102,7312.3.2,Orgel- und Harmoniumbauer/Orgel- und Harmoniumbauerin Fachrichtung Orgelbau
B 93652-117,7312.3.2,Orgelbauer/Orgelbauerin Fachrichtung Orgelbau
B 71412-104,4419.2,Kaufmännischer Assistent/Wirtschaftsassistent / Kaufmännische Assistentin/Wirtschaftsassistentin - Fremdsprachen
B 71413-103,4419.2,Fremdsprachenkorrespondent/Fremdsprachenkorrespondentin
B 11732-104,6224.1,Jäger (Berufsjäger)/Jägerin (Berufsjägerin)
B 11732-103,6224.1,Berufsjäger/Berufsjägerin
B 11732-100,6224.1,Revierjäger/Revierjägerin
B 71394-146,1213.4,Leiter/Leiterin - Projekt-/Programmmanagement
B 61124-102,2433.6,Vertriebsingenieur/Vertriebsingenieurin
B 28322-123,7534.3.3,Sattler/Sattlerin Fachrichtung Fahrzeugsattlerei
B 51293-100,3112.1.11,Straßenwärtermeister/Straßenwärtermeisterin
B 52522-101,8342.1,Planierraupenführer/Planierraupenführerin
B 83223-100,3359.2,Verbraucherberater/Verbraucherberaterin
B 54152-102,9112.6,Schienenfahrzeugreiniger/Schienenfahrzeugreinigerin
B 23294-100,2654.1,Art-Director
B 92494-100,2642.1.8,Chefredakteur/Chefredakteurin
B 84434-104,2355.4,Theaterpädagoge/Theaterpädagogin
B 94794-100,1349.18,Leiter/Leiterin eines Museums
B 51133-113,3151.2,Leiter/Leiterin der Maschinenanlagen auf Schiffen (FS)
B 51133-114,3151.2,Leiter/Leiterin - Maschinenanlagen
B 51134-105,3151.2,Leiter/Leiterin der Maschinenanlagen auf Schiffen (FH) (Schiff - jede Antriebsleistung)
B 28242-102,7534.3.1,Möbelpolsterer/Möbelpolsterin
B 92294-100,1222.1,Leiter/Leiterin - Presse- und Öffentlichkeitsarbeit
B 51312-100,9333.8.1,Kommissionierer/Kommissioniererin
B 22202-102,8122.6,Lackierer/Lackiererin in der Tauchlackierung
B 23212-124,7321.1.4,Scanner-Operator/Scanner-Operatorin
B 28242-104,8159.5,Matratzenhersteller/Matratzenherstellerin
B 94134-104,2652.3.1.1,Chordirektor/Chordirektorin
B 81772-100,2269.6,Staatlich geprüfter Podologe/Staatlich geprüfte Podologin
B 25222-101,7233.2,Kranmonteur/Kranmonteurin
B 26313-101,7422.6,Systemtechniker/Systemtechnikerin (Telekommunikationstechnik)
B 43414-124,2512.3,Software-Architect
B 93612-100,7312.6.3,Geigenbauer/Geigenbauerin
B 23112-100,3139.3,Papiermacher/Papiermacherin Fachrichtung Zellstoff
B 23112-123,3139.3,Papiertechnologe/Papiertechnologin Fachrichtung Zellstoff
B 81212-105,2131.8.2,Zytologieassistent/Zytologieassistentin
B 81113-101,3251.2,Dentalhygieniker/Dentalhygienikerin
B 24512-101,7222.4,Feinmechaniker/Feinmechanikerin Fachrichtung Feingerätebau
B 24512-113,7222.4,Feinwerkmechaniker/Feinwerkmechanikerin
B 24512-114,7222.4,Feinwerkmechaniker/Feinwerkmechanikerin Schwerpunkt Feinmechanik
B 28213-106,2163.1.3.1,"Staatlich geprüfter Gestalter/Staatlich geprüfte Gestalterin Fachrichtung Bekleidung, Mode"
B 28212-102,2163.1.3.1,Staatlich geprüfter Modedesigner/Staatlich geprüfte Modedesignerin
B 94614-102,2163.1.2,Kostümbildner/Kostümbildnerin
B 81623-100,3259.2,Psychologisch-technischer Assistent/Psychologisch-technische Assistentin
B 11222-100,6122.1,Tierwirt/Tierwirtin Fachrichtung Geflügelhaltung
B 73124-101,2619.10,Notar/Notarin
B 94184-102,2652.4,Korrepetitor/Korrepetitorin
B 81301-107,5321.1,Gesundheits- und Krankenpflegehelfer/Gesundheits- und Krankenpflegehelferin
B 82101-112,5321.1,Pflegeassistent/Pflegeassistentin (Altenpflege)
B 81301-119,5321.1,Pflegeassistent/Pflegeassistentin
B 81301-120,5321.1,Pflegeassistent/Pflegeassistentin (Gesundheits- und Krankenpflege)
B 71524-111,2423.3,Personalreferent/Personalreferentin
B 34312-110,3132.4,Fachkraft für Abwassertechnik
B 94512-104,7215.1.1,Bühnenarbeiter/Bühnenarbeiterin
B 43153-113,2166.7,Entwickler Digitale Medien/Entwicklerin Digitale Medien
B 82322-107,5142.9,"Farb-, Stil- und Imageberater/Farb-, Stil- und Imageberaterin"
B 63301-150,5131.2,Servicekraft - Gastronomie und Gastgewerbe
B 63394-108,1412.1,Leiter/Leiterin eines Gastronomiebetriebs
B 23223-105,2166.6,Gamedesigner/Gamedesignerin
B 27304-165,2141.4.2,Produktionsingenieur/Produktionsingenieurin
B 82401-100,5163.3,Bestattungsgehilfe/Bestattungsgehilfin
B 31104-115,2142.1,Ingenieur/Ingenieurin für Bau
B 25234-109,2144.1.1,Ingenieur/Ingenieurin für Luft- und Raumfahrttechnik
B 31214-111,2165.4,Vermessungsingenieur/Vermessungsingenieurin
B 71513-102,4416.1,Assistent/Assistentin für Personalwesen
B 71512-100,4416.1,Personalsachbearbeiter/Personalsachbearbeiterin
B 92194-100,1221.3.3,Werbeleiter/Werbeleiterin
B 71314-162,2424.1,Coach / Supervisor/Coach / Supervisorin
B 32232-115,9312.1.2,Tiefbaufacharbeiter/Tiefbaufacharbeiterin Schwerpunkt Gleisbauarbeiten
B 32232-103,9312.1.2,Gleisbauer/Gleisbauerin
B 26332-105,7421.2,Elektroniker/Elektronikerin für luftfahrttechnische Systeme
B 26332-121,7421.2,Fluggerätelektroniker/Fluggerätelektronikerin
B 62102-120,1221.3.2.1.1,Warengruppenleiter/Warengruppenleiterin
B 92114-100,1221.3.2.1.1,Category-Manager/Category-Managerin
B 29212-130,8160.45,Verfahrenstechnologe/Verfahrenstechnologin - Mühlen- und Getreidewirtschaft - Müllerei
B 29212-100,8160.45,Müller/Müllerin
B 29212-108,8160.45,Müller - Verfahrenstechnologe/Müllerin - Verfahrenstechnologin in der Mühlen- und Futtermittelwirtschaft
B 93422-108,7316.1.3,Manufakturporzellanmaler/Manufakturporzellanmalerin
B 94493-110,1349.3,Leiter/Leiterin des Künstlerischen Betriebsbüros
B 94494-100,1349.3,Intendant/Intendantin
B 28222-114,8153.1.1,Änderungsschneider/Änderungsschneiderin
B 24132-169,7211.1,Gießereimechaniker/Gießereimechanikerin
B 43363-100,3514.1,Webadministrator/Webadministratorin
B 52532-116,8343.2,Hafenkranführer/Hafenkranführerin
B 28332-102,7536.2.8,Schuhinstandsetzer/Schuhinstandsetzerin
B 32172-100,7119.2,Bauwerksmechaniker/Bauwerksmechanikerin für Abbruch und Betontrenntechnik
B 92114-121,2431.4,Brand-Manager/Brand-Managerin
B 27212-104,3118.3.9,"Technischer Zeichner/Technische Zeichnerin Fachrichtung Heizungs-, Klima- und Sanitärtechnik"
B 29262-102,7512.3,Fachkraft für Süßwarentechnik Fachrichtung Konfekt
B 29222-114,7512.3,Konditor/Konditorin
B 29262-115,7512.3,Konfektmacher/Konfektmacherin
B 11723-117,2133.4,Ranger/Rangerin
B 92113-105,2431.3,Fachkaufmann/Fachkauffrau für Werbung und Kommunikation
B 92113-117,2431.3,Absatz- und Werbewirtschaftler/Absatz- und Werbewirtschaftlerin
B 92113-118,2431.3,Fachwirt/Fachwirtin für Werbung
B 92113-133,2431.3,Betriebswirt/Betriebswirtin (Fachschule) für Marketingkommunikation
B 27184-116,2149.13,Patentingenieur/Patentingenieurin
B 43314-101,2523.2,Netzplaner/Netzplanerin
B 94413-100,3435.1,Regieassistent/Regieassistentin
B 31124-114,2164.4,Stadt- und Regionalplaner/Stadt- und Regionalplanerin
B 31124-105,2164.4,Ingenieur/Ingenieurin für Stadt- und Regionalplanung
B 93352-117,7319.1,Kerzenhersteller und Wachsbildner/Kerzenherstellerin und Wachsbildnerin Schwerpunkt Kerzenherstellung
B 93352-100,7319.1,Wachszieher/Wachszieherin Fachrichtung Kerzenherstellung
B 29301-101,9412.1,Helfer/Helferin in der Küche
B 41314-118,2145.1.9,Ingenieur/Ingenieurin für Pharmatechnik
B 25252-105,8219.2,Fahrradmonteur/Fahrradmonteurin
B 73314-103,2621.1,Archivar/Archivarin
B 29202-103,8160.34,Fachkraft für Lebensmitteltechnik
B 29202-106,8160.34,Maschinen- und Anlagenführer/Maschinen- und Anlagenführerin Schwerpunkt Lebensmitteltechnik
B 52413-130,3152.1,Erster Nautischer Schiffsoffizier/Erste Nautische Schiffsoffizierin (FH)
B 52413-133,3152.1,Erster Nautischer Schiffsoffizier/Erste Nautische Schiffsoffizierin (Fachschule)
B 52413-126,3152.1,Erster Nautischer Offizier/Erste Nautische Offizierin
B 94283-107,3435.8,Statist/Statistin
B 81474-107,2261.1,Zahnarzt/Zahnärztin
B 26124-112,2152.1.3,Messingenieur/Messingenieurin
B 52112-100,8322.6,Dienstwagenfahrer/Dienstwagenfahrerin
B 12142-101,6113.5,Gärtner/Gärtnerin Fachrichtung Garten- und Landschaftsbau
B 42203-103,2133.15,Staatlich geprüfter Techniker/Staatlich geprüfte Technikerin Fachrichtung Umweltschutztechnik (ohne Schwerpunkt)
B 94512-103,7411.1.3,Fachkraft für Veranstaltungstechnik (mit Schwerpunkten)
B 94512-105,7411.1.3,Assistent/Assistentin für Veranstaltungstechnik
B 94512-118,7411.1.3,Fachkraft für Veranstaltungstechnik
B 94214-102,2655.1.1,Synchronsprecher/Synchronsprecherin
B 72132-109,3315.5,Schadensregulierer/Schadensreguliererin (Versicherung)
B 72133-113,3321.3,Underwriter/Underwriter (Versicherung)
B 53184-100,1219.1.2,Sicherheitsmanager/Sicherheitsmanagerin
B 42113-100,3117.2,Staatlich geprüfter Techniker/Staatlich geprüfte Technikerin Fachrichtung Geologietechnik
B 24422-121,7212.3.1,Elektroschweißer/Elektroschweißerin
B 51412-102,5112.3,Zugbegleiter/Zugbegleiterin
B 11212-106,6121.4,Tierwirt/Tierwirtin Fachrichtung Schweinehaltung
B 23412-135,7322.5,Kleinoffsetdrucker/Kleinoffsetdruckerin
B 23412-142,7322.5,Drucker/Druckerin Fachrichtung Flachdruck
B 32172-100,7214.1,Bauwerksmechaniker/Bauwerksmechanikerin für Abbruch und Betontrenntechnik
B 41423-103,3111.7,Staatlich geprüfter Techniker/Staatlich geprüfte Technikerin Fachrichtung Werkstofftechnik
B 81743-100,2269.9.2,Kunsttherapeut/Kunsttherapeutin
B 93522-140,7313.1.8,Silberschmied/Silberschmiedin
B 81504-102,2250.6,Tierarzt/Tierärztin
B 24232-132,7223.5,CNC-Bohrer/CNC-Bohrerin
B 24232-131,7223.5,Bohrer/Bohrerin
B 92434-103,2641.4.2,Drehbuchautor/Drehbuchautorin
B 93413-102,2651.4,Staatlich geprüfter Gestalter/Staatlich geprüfte Gestalterin Fachrichtung Keramik
B 41314-117,2145.1,Ingenieur/Ingenieurin für Chemietechnik
B 22102-111,8142.3,Kunststoffpresser/Kunststoffpresserin
B 92413-100,2359.7,E-Learning-Autor/E-Learning-Autorin
B 24522-125,7222.5,Werkzeugmechaniker/Werkzeugmechanikerin
B 24522-122,7222.5,Werkzeugmacher/Werkzeugmacherin
B 93323-101,2651.3,Karikaturist/Karikaturistin
B 34212-101,7126.8,Gas- und Wasserinstallateur/Gas- und Wasserinstallateurin
B 72213-102,2411.1,Geprüfter Bilanzbuchhalter/Geprüfte Bilanzbuchhalterin - Bachelor Professional in Bilanzbuchhaltung
B 26113-102,3115.1.11,Staatlich geprüfter Techniker/Staatlich geprüfte Technikerin Fachrichtung Mechatronik
B 52423-109,3152.5,Schiffsführer/Schiffsführerin (Binnenschifffahrt)
B 52422-132,3152.5,Binnenschifffahrtskapitän/Binnenschifffahrtskapitänin
B 82194-100,1343.1,Leiter/Leiterin einer Altenpflegeeinrichtung
B 52531-101,8344.1,Gabelstaplerfahrer/Gabelstaplerfahrerin
B 52522-104,8342.3,Baggerführer/Baggerführerin
B 41204-104,2131.4,Biologe/Biologin
B 28333-103,1223.2.1.2,Staatlich geprüfter Techniker/Staatlich geprüfte Technikerin Fachrichtung Schuhtechnik Schwerpunkt Modellgestaltung
B 93214-104,2161.1.1,Innenarchitekt/Innenarchitektin
B 21111-100,9311.1,"Helfer/Helferin im Bergbau, Tagebau"
B 11794-102,1311.1,Forstverwalter/Betriebsleiter / Forstverwalterin/Betriebsleiterin - Forst
B 11714-111,1311.1,Förster/Försterin (Hochschule)
B 31163-101,3112.1.2,"Baukontrolleur (Sicherheitskontrolleur), Baukontrolleurin (Sicherheitskontrolleurin)"
B 61132-100,3339.2,"Auktionator, Versteigerer/Auktionatorin, Versteigerin"
B 92113-123,3432.2,Merchandiser/Merchandiserin
B 51401-100,5111.2.1,Flugbegleiter/Flugbegleiterin
B 83111-102,5311.1.1,Au-pair/Au-pair
B 84414-114,2354.1,Musikpädagoge/Musikpädagogin
B 84412-101,2354.1,Musiklehrer/Musiklehrerin
B 52414-111,3152.4,Kapitän/Kapitänin
B 43414-102,2512.4,Softwareentwickler/Softwareentwicklerin
B 91104-111,2641.3,Literaturwissenschaftler/Literaturwissenschaftlerin
B 51643-100,4323.1,Luftfrachtagent/Luftfrachtagentin
B 21232-115,7113.1,Naturwerksteinmechaniker/Naturwerksteinmechanikerin Fachrichtung Steinmetztechnik
B 21232-102,7113.1,Steinmetz und Steinbildhauer/Steinmetzin und Steinbildhauerin Fachrichtung Steinmetzarbeiten
B 21232-105,7113.1,Steinmetz/Steinmetzin (Industrie)
B 11794-100,6210.1,Revierförster/Revierförsterin
B 33222-102,7123.2,Ausbaufacharbeiter/Ausbaufacharbeiterin Schwerpunkt Stuckateurarbeiten
B 33222-100,7123.2,Stuckateur/Stuckateurin
B 28123-101,8159.7,Staatlich geprüfter Techniker/Staatlich geprüfte Technikerin Fachrichtung Textiltechnik Schwerpunkt Vliesstofferzeugung
B 92382-101,3339.1,Anzeigenverkäufer/Anzeigenverkäuferin
B 23412-155,7321.1.5,Medientechnologe/Medientechnologin Siebdruck
B 23412-130,7321.1.5,Siebdrucker/Siebdruckerin
B 51593-102,1324.3.1.5,Fuhrparkleiter/Fuhrparkleiterin
B 24122-118,8212.2.2,Kabeljungwerker/Kabeljungwerkerin
B 71594-101,1212.2,Leiter/Leiterin des Personalwesens
B 11522-100,5164.1.3,Tierpfleger/Tierpflegerin Fachrichtung Zoo
B 25222-103,7233.8.1,Landmaschinenmechaniker/Landmaschinenmechanikerin
B 28142-137,8154.4,Produktveredler/Produktveredlerin - Textil
B 28142-107,8154.4,Textilmaschinenführer/Textilmaschinenführerin - Veredlung
B 28142-106,8154.4,Textilveredler/Textilveredlerin
B 28142-141,8154.4,Textilveredler/Textilveredlerin - Maschinenführung
B 28142-142,8154.4,Maschinen- und Anlagenführer/Maschinen- und Anlagenführerin Schwerpunkt Textilveredelung
B 63221-128,4226.1,Empfangskraft
B 61162-100,5249.2.1.3,Vermietassistent/Vermietassistentin (Kfz)
B 94724-100,3315.2,Gemmologe/Gemmologin
B 25132-127,7412.7,Aufzugmonteur/Aufzugmonteurin
B 28332-101,7536.2,Schuhmacher/Schuhmacherin
B 71442-100,4413.1,Korrektor/Korrektorin
B 63382-103,5111.2.3,Zugsteward/Zugstewardess
B 51543-103,4323.11,Hafenmeister/Hafenmeisterin
B 63293-108,5151.2,Hausdame/Housekeeper
B 31194-107,1323.1,"Leiter/Leiterin - Projektentwicklung (Immobilien, Bau)"
B 32262-101,9312.1.1,Drainagearbeiter/Drainagearbeiterin
B 94342-101,4212.5,Croupier/Croupière
B 42113-100,3111.4,Staatlich geprüfter Techniker/Staatlich geprüfte Technikerin Fachrichtung Geologietechnik
B 33212-106,7132.2,Entroster/Entrosterin
B 22342-118,7522.5,Oberflächenbearbeiter/Oberflächenbearbeiterin (Tischlerei)
B 32101-100,9313.1,Helfer/Helferin im Hochbau
B 27104-142,2149.2.1,Berechnungsingenieur/Berechnungsingenieurin
B 11582-103,5164.2.1,Tierlehrer/Tierlehrerin
B 23122-102,8143.5,Kartonagenmacher/Kartonagenmacherin
B 24412-100,7221.1,Schmied/Schmiedin
B 31144-105,2142.1.11,Ingenieur/Ingenieurin für Wasserwirtschaft
B 72122-103,4312.5,Investmentfondskaufmann/Investmentfondskauffrau
B 28222-133,7531.4,Modist/Modistin
B 28222-130,7531.4,Hut- und Mützenmacher/Hut- und Mützenmacherin
B 24212-104,7223.4.7,Metallstanzer/Metallstanzerin
B 21123-106,0310.2,Kampfmittelbeseitiger/Kampfmittelbeseitigerin
B 61124-101,2149.2,Application-Engineer/-Manager/in
B 73134-106,2611.1.1,Syndikus-Anwalt/Syndikus-Anwältin
B 29222-114,7512.5,Konditor/Konditorin
B 52413-150,6223.2.1,Kapitän/Kapitänin - Küstenfischerei
B 91354-100,2120.2,Demograf/Demografin
